perturbation,condition,cpm_pert,cpm_ctrl,n_cells,self_log2fc
HLA-B,Control,80.7582880212039,104.37487921166552,98,-0.36609408507473346
IFNGR1,Control,18.74194398697979,50.36343282911602,133,-1.3794775681099813
CDKN1A,Control,20.483085698079318,22.59683823955371,145,-0.13539233656551883
EMP1,Control,8.006025105751014,9.463989447193159,137,-0.21647058646518885
CD63,Control,732.1119950380904,1859.382085289181,103,-1.3434934365386522
PIK3IP1,Control,2.2563159925421234,0.06253737520171691,114,1.615727115812481
SPESP1,Control,28.718088880504528,33.97864052626619,152,-0.23513287720803852
PPIA,Control,961.9865430890942,1220.938021854853,108,-0.3435835689129169
SAT1,Control,500.57276535834217,347.99964720582074,137,0.5232334360557235
POLD2,Control,61.219923074000114,125.15813357036944,32,-1.0197847053393612
TPP1,Control,8.135930477311796,11.736180746188873,128,-0.4793091380020528
DDX17,Control,101.96602314776503,151.15283586254978,107,-0.5633528697223523
HNRNPA1,Control,276.01045119897157,516.7463312917869,112,-0.9023050175887194
CXCR4,Control,0.0,0.06253737520171691,105,-0.08751358955133781
ACTA2,Control,0.0,1.2715932957682439,157,-1.1837045590059894
RAB27A,Control,26.39541517025312,40.94113496539067,131,-0.6144314351368837
NDUFA13,Control,58.60953920776071,109.69055610381146,81,-0.892917013345637
KCNN4,Control,10.432798109055344,19.15728260345928,120,-0.8181226249464434
PFDN4,Control,177.90239539774237,230.22092390925386,160,-0.37009925340538335
UQCRH,Control,658.4975890899209,1046.688048751136,60,-0.6677699248577156
PUF60,Control,122.87818791017087,150.38154156839528,45,-0.2892671191243808
CSPG4,Control,0.5345075394960984,0.3126868760085845,143,0.22525291265640754
CD58,Control,21.912744702750487,45.33959702124476,128,-1.0160952097889266
TM4SF1,Control,95.18419281239652,123.61554498206041,146,-0.37361232452401566
IRF3,Control,51.3820196768071,55.845876055133196,131,-0.11798400476630556
GRN,Control,29.773060571383205,89.67859603926205,106,-1.5590941184978997
CCR10,Control,2.850497126698896,0.4377616264120184,116,1.4212202159930118
JAK2,Control,2.495148184355521,4.210849930248939,161,-0.5761650834362155
TSC22D3,Control,5.157761868947835,5.190602141742503,169,-0.007673665979098012
CTSA,Control,64.48561970680538,151.88243857323647,146,-1.223172657127741
TIMP1,Control,915.2570790098957,1712.9403983584941,135,-0.9034925964617114
SOX4,Control,53.59100398439545,83.48739589429208,169,-0.6300729015227291
A2M,Control,0.0,0.020845791733905637,146,-0.029764950149690127
CTSO,Control,2.453610807272306,3.4187098443605244,168,-0.35551968679215595
TFAP2A,Control,36.54977791200737,52.8857736289186,122,-0.5211000627001638
VDAC2,Control,96.23433241517307,269.28593761859304,135,-1.474948744314131
GSN,Control,11.491886727970053,20.59564223309877,163,-0.7897488288305667
IDI2-AS1,Control,1.8678833643817057,0.12507475040343383,132,1.3499654935826926
RB1,Control,9.952653804046465,21.929772904068727,157,-1.065941592538379
C6orf226,Control,6.358228978900217,13.257923542763985,109,-0.9543334127373243
KLF4,Control,4.773233886414763,3.4604014278283355,121,0.37220611742426035
MIA,Control,0.7047891834594436,1.3966680461716778,110,-0.49143675569286643
C1QBP,Control,267.3518796322426,781.6963442297274,79,-1.54432671314358
CTSB,Control,96.34025249420777,251.44193989436977,133,-1.3748431929707092
NGFR,Control,0.0,0.04169158346781127,120,-0.05892819809246811
CYP27A1,Control,0.5564040717649972,2.0637333816566583,148,-0.9770740939126855
LINC00518,Control,0.0,0.020845791733905637,134,-0.029764950149690127
CST3,Control,223.3160573550074,414.2684191279067,95,-0.8885112625364512
JAK1,Control,26.207877389066425,85.63451244288434,135,-1.670917453679599
HLA-DRB5,Control,0.0,0.0,150,0.0
RTP4,Control,0.9158532363505812,0.8963690445579423,165,0.014747299380525018
SERPINE2,Control,241.80335958626952,605.299254577418,112,-1.3202416648945727
SSR2,Control,239.88619352679194,422.7109647801385,93,-0.8147287558111656
APOE,Control,7.599277250277519,9.589064197596592,140,-0.3002877828455384
CCND1,Control,647.8433087270763,1155.6698479359945,86,-0.8340351057334212
CD44,Control,495.35718497059526,595.8978025054265,158,-0.2661052663629021
SDC3,Control,3.786891422880272,4.294233097184561,131,-0.14533263297776042
EIF2S3,Control,55.70099704784715,62.24553411744223,6,-0.15758950788854917
WBP2,Control,23.35600549181751,36.22998603352799,123,-0.6121875316207803
NONO,Control,51.04802863227206,129.86928250223212,121,-1.330211082934769
MFGE8,Control,17.803981907406175,24.681417412944274,162,-0.4496866325860918
TAPBPL,Control,0.5917720020830375,1.8135838808497904,140,-0.8217752689902497
PTMA,Control,1732.7855717502857,4018.443272544989,109,-1.2130702072198205
GPNMB,Control,1.2724354223117733,5.107218974806881,126,-1.4262762773138784
MRPL47,Control,98.44761163721937,203.10054886344264,70,-1.0372714336410418
CD59,Control,154.10965273781113,245.41750608327104,150,-0.6678162816095989
VAT1,Control,28.65455673846846,67.85305209386284,115,-1.215266799792607
CD274,Control,6.819125788073969,9.630755781064405,141,-0.4431649450753433
TXNDC17,Control,99.7195596295112,210.29234701164006,133,-1.0688966335757544
TIMP3,Control,49.11999114456498,91.51302571184574,115,-0.8842703497293131
B2M,Control,527.5604993288835,1211.1821913233853,132,-1.1974660347281474
IDH2,Control,8.540017573458384,18.531908851442108,158,-1.0337691216497702
GSEC,Control,2.7135618393607572,6.107816978034351,91,-0.9366029306179645
STX7,Control,11.668094063507104,18.30260514236915,134,-0.607596086588388
HLA-F,Control,2.4510014179043202,5.690901143356239,131,-0.9551854623484843
XAGE1A,Control,0.0,0.229303709072962,99,-0.29784138881359057
UCN2,Control,5.382702454973694,3.4604014278283355,105,0.5169938388044031
GAA,Control,6.027727546714889,5.190602141742503,123,0.18297851856140718
CITED1,Control,0.0,0.5628363768154523,147,-0.64416674141262
SP100,Control,36.03220452115563,85.55112927594874,132,-1.2247722078109615
ST3GAL6-AS1,Control,1.141630053639488,0.5628363768154523,133,0.4545425482579128
TOP1MT,Control,7.842077450769851,16.363946511115923,140,-0.973637607033269
FMN1,Control,9.966600813274626,11.69448916272106,143,-0.21108592083170244
NMRK1,Control,2.871112872060339,11.944638663527929,139,-1.7415344156607042
TGFB1,Control,18.4947511409558,83.82092856203457,164,-2.1213345384497844
HSPA1A,Control,184.10975795989262,297.1776069585587,124,-0.6877909676655319
PSAP,Control,57.31182384861478,82.0907278481204,166,-0.5108990472641448
CCND2,Control,0.0,0.06253737520171691,100,-0.08751358955133781
FBXO32,Control,14.422788467307576,33.165654648643866,125,-1.147483139940212
NEAT1,Control,273.6618363797649,336.28431225136575,104,-0.2963087521323005
APOD,Control,0.0,0.12507475040343383,121,-0.1700208578456239
TIMM50,Control,57.94429923160427,82.67441001666977,92,-0.5054341831668925
MDH2,Control,113.94542209616603,230.09584915885043,122,-1.0075423376598804
SLC5A3,Control,18.61850679575498,16.822553929261847,158,0.13851115288213955
BOLA2,Control,0.0,0.1042289586695282,85,-0.14303934176240313
HLA-A,Control,321.5796143334809,457.75274068483384,156,-0.5080615077905901
SET,Control,211.24584377370718,773.191261202294,107,-1.866953720080628
SLC22A18,Control,6.8757064788407005,10.964886452034364,166,-0.603325456335466
TMEM173,Control,3.304161260691715,5.002990016137352,144,-0.47994913730099875
TTLL1,Control,0.5021328091066807,1.0631353784291875,167,-0.4578261183368019
SLC26A2,Control,18.8428488738748,25.682015416171744,137,-0.4272484731307804
SGK1,Control,27.98417154750956,41.60820030087565,107,-0.5558658660240513
CTSD,Control,39.82908783826365,168.80922146116782,169,-2.0562455645113134
P2RX4,Control,1.183668686400002,4.210849930248939,69,-1.2547647242159998
AHNAK,Control,183.24440873330136,258.73796700123677,144,-0.4954360757837212
PROS1,Control,2.1278814174243696,5.73259272682405,116,-1.105976375855238
EVA1A,Control,56.715277961577286,58.84767006481561,109,-0.052341813578851114
MC1R,Control,1.1725597565765946,1.8135838808497904,134,-0.37301311570859974
FBL,Control,79.46610549861302,99.20512286165692,52,-0.3165031523015698
LCP1,Control,0.5760922853753789,3.0017940096824116,145,-1.3442948953626817
LY96,Control,0.0,1.438359629639489,113,-1.2859109223627359
NPC1,Control,13.03109218595569,21.929772904068727,146,-0.7085947532707786
NSG1,Control,0.5712336991323531,2.7933360923433557,135,-1.2715694237389992
STAT3,Control,24.95301078307269,51.7601008752877,123,-1.0235454090551646
RBP7,Control,0.0,0.3335326677424902,128,-0.41525316723065586
CDK4,Control,56.631114125144855,95.07765609834361,126,-0.7373530454315111
SCARB2,Control,32.813474150013825,107.37667322134793,141,-1.680384109301703
TAPBP,Control,36.46899991991122,70.62554239447229,123,-0.9347766875219546
FSTL3,Control,13.815648240842881,33.20734623211168,157,-1.2071844347058263
DDR1,Control,10.483923951013516,17.051857638334813,112,-0.6525316243819066
SERPINF1,Control,0.0,0.12507475040343383,148,-0.1700208578456239
JPT1,Control,297.7000823390861,617.3064306161476,99,-1.049624374900453
AGA,Control,13.241647399110162,30.01794009682412,138,-1.1229868407387964
JMJD7,Control,0.0,0.0,145,0.0
AEBP1,Control,7.221214194211186,21.70046919499577,152,-1.465298729896695
FGFR1,Control,42.669137412909244,72.06390202411178,165,-0.7425447696483627
PYGB,Control,26.689881184599145,49.50875536802589,132,-0.8671746282407186
CMSS1,Control,37.530347815733755,108.3355796411076,124,-1.5046958402431605
ARMC6,Control,12.465179986200313,20.574796441364864,122,-0.6801134334453386
FOXM1,Control,24.402697061164424,56.387866640214746,43,-1.1757640647837944
NPC2,Control,151.35431007314767,298.5951207964643,121,-0.9755838141114318
S100B,Control,1.028353770150592,0.020845791733905637,147,0.9905443481140288
SHMT2,Control,24.849183207347973,56.80478247489285,110,-1.1610701645282169
DNMT1,Control,120.43438782091405,201.39119394126237,51,-0.7369694974092732
SDCBP,Control,67.5984347691459,152.19512544924507,147,-1.159122829064363
EIF4A1,Control,273.8119469240984,369.1789716074688,30,-0.4297782198501902
DLL3,Control,14.534806898483623,14.425287879862701,124,0.010206894082982608
FKBP4,Control,71.01345361332487,207.95761833744263,106,-1.5368719961685813
PSMB8-AS1,Control,0.5872114736424258,1.3341306709699607,126,-0.5563909694536454
CDH19,Control,0.0,0.0,156,0.0
CDKN2A,Control,298.63532705093087,154.65492887384593,108,0.9448564667608574
ITGA3,Control,133.54308500551534,231.40913403808648,145,-0.7885985260655582
LGALS3,Control,405.7013321080401,707.0892556140792,122,-0.7999615092376975
ENPP1,Control,1.2432592040032946,3.5854761782317692,131,-1.0314752275847767
BOLA2B,Control,4.657701626081266,4.606919973193146,95,0.013007615825527556
HLA-C,Control,136.59044635196796,476.55564482881675,94,-1.7952885464984716
TMED10,Control,81.17858821068342,155.94736796134805,51,-0.9334463838274633
KDR,Control,0.0,0.6045279602832635,129,-0.6821489300438655
CD151,Control,62.58439539732588,98.7256696517771,124,-0.6492921568775231
HLA-E,Control,24.14370887377876,57.117469350901445,107,-1.2087744109584326
RNASEH2A,Control,1.2165953336269382,1.8761212560515075,65,-0.37577908771054325
EIF3K,Control,217.58859505247602,383.60425948733155,116,-0.8151566108140197
SEC11C,Control,85.03410690597642,181.5668460023181,149,-1.0854441840965046
SPINT1,Control,0.6051415244483227,0.8129858776223199,139,-0.17566718256752484
CTPS1,Control,39.21575313853902,75.04485024206029,56,-0.9190898136415808
SLIRP,Control,401.55662243638574,538.6969499875894,112,-0.42295781140724714
S100A6,Control,4220.071826984623,7590.515606691857,124,-0.8467785621511227
CGAS,Control,12.560352493732385,41.81665821821471,131,-1.658777518729353
TP53,Control,1.614933179448145,1.771892297381979,141,-0.08409712114723403
E2F1,Control,16.86020134145893,39.10670529280697,97,-1.1670951114046924
GPATCH4,Control,107.0582853754639,186.29884072591466,100,-0.7935322749741266
STOM,Control,10.886343139827629,25.390174331897065,142,-1.1506959460775612
C19orf48,Control,55.55473471136656,56.825628266626765,137,-0.03206122520962739
IFNGR2,Control,60.05498896415253,106.81383684453247,141,-0.820361254119851
ST6GALNAC2,Control,0.0,0.14592054213733946,102,-0.1965070114258328
PFN1,Control,741.3018556851371,1261.7540820698405,66,-0.7664958249750888
RPSA,Control,1434.6346256094214,1877.7680735984857,55,-0.3880983582356562
DDX39A,Control,62.28630791236316,142.91874812765704,75,-1.1852892332325182
ILF2,Control,267.5601804590509,377.308830383692,33,-0.49431904021512507
CTSL,Control,227.13352694618675,491.2519280012202,139,-1.109518373239748
NOLC1,Control,56.18233445191855,60.61956236219759,56,-0.10781891725626584
SMAD3,Control,42.25813976288113,59.11866535735639,154,-0.4748413554069931
RNF213,Control,37.029505612166766,45.047755936970084,131,-0.2760116667232276
NME1,Control,504.9275024268764,793.515908142852,113,-0.6511454393581754
TRIM22,Control,0.7732367302911622,0.18761212560515073,106,0.5783214229431035
EEA1,Control,33.540399801565634,56.26279188981131,107,-0.7293132297070262
PET100,Control,28.413967833020582,42.150190885957194,69,-0.5528655300931454
LGALS3BP,Control,124.74004615381708,225.3638544352538,121,-0.8481994106088134
BZW2,Control,54.792507622696306,131.47440846574287,133,-1.2475703847500512
LAMP2,Control,30.004879740968402,70.18778076806028,148,-1.1991343331958992
ISYNA1,Control,10.780683171892603,14.61290000546785,106,-0.40631532971448403
TUBB,Control,562.4984714715449,967.4115027870928,2,-0.7812085187702241
LRPAP1,Control,64.05784144570194,226.07261135420663,122,-1.8033588429762912
SMAD4,Control,3.988931285529981,17.552156639948546,135,-1.8947842023383035
NT5E,Control,49.69498612463677,65.33071129406027,177,-0.3878339289009278
CD47,Control,30.683982058895193,80.9442093027556,130,-1.3708883374952272
RRS1,Control,82.28106624507416,77.83818633440364,26,0.0790939518486719
FOS,Control,1.466408969730386,5.920204852429201,119,-1.4884027039634693
CKS1B,Control,134.77759874887533,322.6094728739236,133,-1.2530083634019615
DAG1,Control,14.305854885699794,22.075693446206067,118,-0.5922903761646158
CDKN2B,Control,20.19221803794593,27.349678754884195,134,-0.41979779513634874
CHCHD2,Control,1065.6553751599206,1875.8919523424343,140,-0.8152514682109586
SLC19A1,Control,11.221528877201875,15.279965340952831,87,-0.41367285485925237
SLC25A13,Control,32.14242238972756,48.904227407742624,117,-0.5904829786004436
CDC123,Control,107.65469755758406,106.02169675864405,39,0.021847241869917364
TIMP2,Control,122.17442278459004,253.4848274842925,104,-1.046876933686031
UQCRFS1,Control,141.6674938634846,282.56470695309093,80,-0.9910213221739317
CORO1A,Control,3.2473190674998564,2.8975650510128834,136,0.123979389082345
SERPINA3,Control,0.0,0.020845791733905637,112,-0.029764950149690127
IRF4,Control,0.0,0.0,103,0.0
STAT1,Control,26.101859070567752,66.33130929728773,110,-1.3128857015362314
ACSL3,Control,104.96323006846664,158.88662459582875,72,-0.5934855273678326
ATP5MD,Control,121.55063886436974,183.8390373013138,145,-0.5928914755496635
CCT3,Control,472.7193389761291,820.7196663555987,26,-0.7946137261708779
HNRNPC,Control,290.4842531669747,300.2627841351768,40,-0.047604516720378666
FRZB,Control,13.847575124743573,1.1673643370987157,113,2.7762137342284716
MT2A,Control,1136.4862840361936,1918.83428331428,95,-0.7551326362432068
PPA1,Control,209.9597747797343,232.80580208425815,25,-0.14834279588649457
TPRKB,Control,127.12883358529349,145.21178521838667,45,-0.19046443224123924
DNAJC9,Control,81.2532501300052,52.614778336377825,5,0.6174419673354734
UBC,Control,3730.825171568868,1628.8067829204508,55,1.1951804604283511
HASPIN,Control,4.125679189936643,2.9392566344806945,60,0.3798197762837196
PAICS,Control,79.2344336678428,188.73779835878165,48,-1.2417136855837523
UBA52,Control,869.0263343471973,1119.6483198198057,10,-0.36520262989228747
FTH1,Control,9253.415166750096,15048.389440580875,19,-0.7014912305883464
ATP1B1,Control,93.22197257693973,204.68482903521945,159,-1.1262999461762266
NCL,Control,814.905517891656,1296.9626243084072,31,-0.6697748381229466
PABPC1,Control,274.2413194556471,434.30122498419,42,-0.6613170151528565
SINHCAF,Control,84.83725386799655,114.58931716127928,55,-0.429332242401096
CDK6,Control,61.969543866216604,138.3118281544639,51,-1.1455916319355586
AHCY,Control,64.5802926778864,82.77863897533929,11,-0.3533201067733097
ROMO1,Control,109.41903356246489,163.9313061954339,32,-0.5788763886486613
SNRPE,Control,510.9489051094891,576.5945993598299,10,-0.17405742305261473
RUVBL2,Control,51.3080341968048,78.08833583521051,14,-0.5964323850635611
GPI,Control,37.99512395909192,98.91328177738225,23,-1.3573827353068404
CCT6A,Control,602.8976769598885,923.5519569789553,10,-0.6144502736239617
EEF1G,Control,0.0,1.3549764627038663,21,-1.2357126405980994
SNRPG,Control,349.35563294368166,415.93608246661915,14,-0.25100613944524164
SAE1,Control,61.85169419067058,63.2252863289358,21,-0.031189783409657022
MYC,Control,63.99906910444938,61.078169780343515,31,0.06633303258425509
PRELID3B,Control,111.66945840312674,201.59965185860142,23,-0.8465352015671309
NACA,Control,1620.5149773931976,2024.376526863044,15,-0.32084778706226735
FARSA,Control,44.887080937017814,29.163262635733986,12,0.6052955465770586
SNRPF,Control,457.39947606969105,426.4840530839754,11,0.10073479262447044
ATP1A1,Control,75.642965204236,125.57504940504755,3,-0.7237677643359753
UBL5,Control,325.351379489849,423.96171228417285,3,-0.38090672721447677
PSMA7,Control,2020.2969366660402,1842.0800781500395,3,0.13316252045231136
RACK1,Control,1293.7850400115003,1255.9172603843467,6,0.0428229178134284
HLA-B,IFNγ,297.6620900163829,479.6671434653223,147,-0.6865240657274907
IFNGR1,IFNγ,20.197913490381886,47.19012372627769,178,-1.1848152377739398
CDKN1A,IFNγ,22.913706979515144,26.953291572347638,202,-0.2251803876127354
EMP1,IFNγ,4.648509896909996,10.77432031704487,238,-1.059701548212562
CD63,IFNγ,683.5156309938392,1836.3744552059381,196,-1.4244902852414478
PIK3IP1,IFNγ,0.6331538342213315,0.1049446784127747,161,0.5636865517458345
SPESP1,IFNγ,36.09158524689968,35.73366299954979,218,0.013989162500517217
PPIA,IFNγ,909.6633470963259,1158.6592127959748,195,-0.3487111811713555
SAT1,IFNγ,617.0664328234151,500.72604226681904,201,0.3008620907908735
POLD2,IFNγ,51.849560229313326,110.06947687526521,47,-1.071499030741935
TPP1,IFNγ,6.6057716151009975,14.499856400698372,211,-1.0270883259165482
DDX17,IFNγ,97.01458406383006,129.29184380453844,156,-0.41067843895935113
HNRNPA1,IFNγ,267.2219835589308,476.4138584345262,148,-0.8318129599438399
CXCR4,IFNγ,0.0,0.05247233920638735,203,-0.07378231726870879
ACTA2,IFNγ,0.3804190696471233,1.7665687532817076,285,-1.0029914683336454
RAB27A,IFNγ,54.1580650916227,61.6724893472406,205,-0.1842604490649821
NDUFA13,IFNγ,84.79974251714545,132.52763805559897,113,-0.6380931639452215
KCNN4,IFNγ,10.809188848203101,16.54627762974748,253,-0.5712551291736649
PFDN4,IFNγ,220.13809297514885,238.18943843752766,223,-0.11320612439157847
UQCRH,IFNγ,571.0114464645903,995.7675811196127,75,-0.801213129974106
PUF60,IFNγ,87.28868321764327,138.47450316565622,85,-0.6597009810603289
CSPG4,IFNγ,0.0,0.19239857709008695,276,-0.2538665588497201
CD58,IFNγ,17.438007881979562,27.63543198203067,205,-0.635118578019233
TM4SF1,IFNγ,97.92661233823227,141.92018677354233,213,-0.53077912538875
IRF3,IFNγ,76.65228400499898,109.9295506373815,199,-0.5145434730383424
GRN,IFNγ,34.222659566870085,85.26755121037945,215,-1.2923141569895116
CCR10,IFNγ,1.0427158995405794,0.15741701761916205,207,0.8195798068596997
JAK2,IFNγ,4.864672118666865,13.20553870027415,221,-1.2763311846137544
TSC22D3,IFNγ,5.375590251008707,5.3696693787869725,234,0.00134042206351795
CTSA,IFNγ,43.611139559076676,148.44424761486982,211,-1.7441314597986604
TIMP1,IFNγ,834.1701821228361,1620.975502763718,205,-0.9576099204649877
SOX4,IFNγ,38.06139475981097,47.942227254902576,230,-0.325336292585681
A2M,IFNγ,0.0,0.1749077973546245,252,-0.23254754358296692
CTSO,IFNγ,3.364291827083811,8.797862206937614,241,-1.1667194287295515
TFAP2A,IFNγ,55.478243437599794,69.42090477005046,218,-0.3183085438955423
VDAC2,IFNγ,96.2595843803453,266.0522505561193,219,-1.4572097108197175
GSN,IFNγ,9.009605591000845,23.647534202345234,228,-1.3000581944883554
IDI2-AS1,IFNγ,0.4332132466213699,0.034981559470924906,231,0.46964821989078037
RB1,IFNγ,11.268019441089542,25.67646465165888,245,-1.1206651253803126
C6orf226,IFNγ,4.849025588308029,11.14162669148958,210,-1.0536935159321246
KLF4,IFNγ,12.560239192627826,12.715796867681203,194,-0.01645581631083132
MIA,IFNγ,0.9434620907497316,1.6791148546043952,231,-0.46312746467069715
C1QBP,IFNγ,240.8433826159377,794.2737985670854,159,-1.7173785771456203
CTSB,IFNγ,95.0548849674391,252.8467118558452,229,-1.4020266820036733
NGFR,IFNγ,0.0,0.13992623788369962,174,-0.18894047379150988
CYP27A1,IFNγ,0.0,1.4867162775143083,223,-1.3142419123102576
LINC00518,IFNγ,0.0,0.034981559470924906,246,-0.04960506308996055
CST3,IFNγ,254.115290730425,428.87391911353933,163,-0.7527642115101276
JAK1,IFNγ,25.33263152561551,76.7670322589447,225,-1.5623069808916767
HLA-DRB5,IFNγ,0.42812196167195327,0.05247233920638735,248,0.44033687357300516
RTP4,IFNγ,11.4601734415392,12.383472052707416,275,-0.10312829025439137
SERPINE2,IFNγ,140.8104253468114,457.6812333378459,192,-1.6935282838793786
SSR2,IFNγ,198.5903034895911,394.83686174832934,182,-0.9878643343141937
APOE,IFNγ,3.3089260644106093,6.174245246618245,232,-0.7354987197891811
CCND1,IFNγ,531.016135700462,1110.8744025586911,140,-1.063451922795095
CD44,IFNγ,375.09494451404686,465.7095012364232,239,-0.3114279241427194
SDC3,IFNγ,2.6590693257359925,4.0053885594209016,270,-0.45200531762742147
EIF2S3,IFNγ,31.721862707778197,54.97352070855848,13,-0.7744896187116369
WBP2,IFNγ,24.14380047563287,32.53285030796016,252,-0.4153723890642935
NONO,IFNγ,47.80546363332147,125.8636509763878,170,-1.3781641992682168
MFGE8,IFNγ,10.094655303341135,20.656610867581154,315,-0.9649426417556886
TAPBPL,IFNγ,1.9457978549524446,3.4981559470924903,224,-0.6106752450628061
PTMA,IFNγ,1481.043566081947,4154.689855242808,185,-1.4875001303149527
GPNMB,IFNγ,1.644785536413907,2.4661999427002055,184,-0.39020413659042785
MRPL47,IFNγ,122.57481976355223,199.69223223977482,119,-0.6995999762256254
CD59,IFNγ,136.10872087792433,212.1281766316886,265,-0.6364009998986674
VAT1,IFNγ,19.47574188150093,53.04953493765761,151,-1.400366479676021
CD274,IFNγ,20.534659345797344,41.43565719331055,270,-0.9786165184443933
TXNDC17,IFNγ,95.33074129389443,206.7235256934307,201,-1.1085964447127203
TIMP3,IFNγ,42.66934473491206,87.59382491519595,177,-1.0205852614654318
B2M,IFNγ,1480.6294964993365,3233.5729220341495,256,-1.1263905126652813
IDH2,IFNγ,6.881158098908046,21.12886192043864,227,-1.4894497081651465
GSEC,IFNγ,6.318763948671417,5.929374330321771,168,0.07887492133846338
STX7,IFNγ,8.93489144603276,17.68317831255254,227,-0.9111637928086056
HLA-F,IFNγ,15.461904517880148,26.90081923314125,229,-0.761176229245395
XAGE1A,IFNγ,0.0,0.08745389867731225,158,-0.12095424090673641
UCN2,IFNγ,2.904361130586466,3.043395673970467,192,-0.050480888179967716
GAA,IFNγ,2.605504701893785,4.652547409633011,211,-0.6486999639568085
CITED1,IFNγ,3.0293039719728796,0.3323248149737866,217,1.596584798921275
SP100,IFNγ,104.0781279814047,235.42589523932457,203,-1.1699256560831173
ST3GAL6-AS1,IFNγ,0.0,0.4547602731220237,223,-0.5407814340458382
TOP1MT,IFNγ,10.895125339337758,16.45882373107017,192,-0.553585888690062
FMN1,IFNγ,9.891926894094748,12.051147237733629,276,-0.260917425642646
NMRK1,IFNγ,12.554757575164079,14.552328739904759,211,-0.19833130856339487
TGFB1,IFNγ,18.530471816696572,87.83869583149243,248,-2.185461411770089
HSPA1A,IFNγ,50.07339409280232,134.24173446967433,192,-1.4048965820256076
PSAP,IFNγ,59.39316384684123,85.477440567205,265,-0.5179385707809113
CCND2,IFNγ,0.0,0.0,207,0.0
FBXO32,IFNγ,22.33643794309327,31.868200678012585,232,-0.4941081144030157
NEAT1,IFNγ,430.2424497896169,480.3842654344762,196,-0.1586897882990881
APOD,IFNγ,0.0,0.08745389867731225,227,-0.12095424090673641
TIMM50,IFNγ,42.36369726704892,78.77847192852288,116,-0.8795117216885799
MDH2,IFNγ,107.33325402978258,209.06729017798267,155,-0.9553753744570525
SLC5A3,IFNγ,12.632038639601621,12.803250766358513,240,-0.01800674227854772
BOLA2,IFNγ,0.0,0.06996311894184981,130,-0.0975610685547275
HLA-A,IFNγ,595.185132636105,799.9583019811106,257,-0.425966739074553
SET,IFNγ,311.97851152886443,816.6095242892709,160,-1.3853483942135691
SLC22A18,IFNγ,5.657213462970044,10.319560043922847,306,-0.7658275521910225
TMEM173,IFNγ,1.5804995853822754,5.9118835505863085,205,-1.4214285127783937
TTLL1,IFNγ,0.44906119267060285,1.3292992598951463,251,-0.6847774836524831
SLC26A2,IFNγ,7.198316313814199,14.517347180433834,228,-0.9204823785474724
SGK1,IFNγ,37.45155846439476,56.355292307660015,230,-0.5768845405913242
CTSD,IFNγ,39.841599459120104,153.9013708923341,268,-1.9232386401980854
P2RX4,IFNγ,5.630319948561397,4.197787136510988,102,0.35118093706202036
AHNAK,IFNγ,139.16689683413972,251.09763388229896,200,-0.8468369087242084
PROS1,IFNγ,3.5137577671615445,9.480002616620649,149,-1.2152381742416158
EVA1A,IFNγ,31.84883700666602,43.622004660243356,183,-0.4419130349512899
MC1R,IFNγ,3.296250515039143,2.2038382466682687,219,0.4232768078266167
FBL,IFNγ,113.21735416189567,135.72845074718862,84,-0.2595316030870275
LCP1,IFNγ,0.8068537383954261,2.8160155374094544,274,-1.0785873181531997
LY96,IFNγ,2.252810380950235,4.530111951484774,233,-0.7656219621584553
NPC1,IFNγ,12.969311262633573,30.25904894235004,234,-1.1620129925202518
NSG1,IFNγ,1.934091013487867,1.5391886167206956,215,0.20854605747120564
STAT3,IFNγ,71.35191234918801,139.96121944317053,187,-0.9621952554923447
RBP7,IFNγ,0.0,0.22738013656101186,234,-0.29558214076599176
CDK4,IFNγ,44.05439684635784,94.48519213096816,196,-1.0836091118370554
SCARB2,IFNγ,54.298348619756275,124.62180561516995,206,-1.1837786081974666
TAPBP,IFNγ,83.9035717226085,143.0920690158183,201,-0.7630937787457474
FSTL3,IFNγ,17.89673417897483,25.921335567955353,258,-0.5106130610934551
DDR1,IFNγ,6.9104520587388425,16.248934374244616,217,-1.1246751881811552
SERPINF1,IFNγ,0.0,0.13992623788369962,201,-0.18894047379150988
JPT1,IFNγ,247.72767915549633,459.5702375492759,140,-0.8888541220489473
AGA,IFNγ,8.401459543559204,28.142664594359083,211,-1.6321761404016804
JMJD7,IFNγ,0.0,0.0,254,0.0
AEBP1,IFNγ,6.726422522753175,20.306795272871906,258,-1.4634411363279496
FGFR1,IFNγ,38.28103739337215,64.17367084941174,288,-0.730456224725617
PYGB,IFNγ,16.77099884342223,34.64923465595112,177,-1.004346331857223
CMSS1,IFNγ,26.27690217300426,105.5043833643095,225,-1.9651610957044998
ARMC6,IFNγ,12.747343999825178,18.19041092488095,190,-0.48123268885878795
FOXM1,IFNγ,44.81114140766732,57.49219299046508,73,-0.3525455708662925
NPC2,IFNγ,146.71104144108514,342.53943033929664,211,-1.217698024409197
S100B,IFNγ,0.9079947118387982,0.05247233920638735,225,0.858274855534614
SHMT2,IFNγ,29.07372353981863,46.99772514918761,173,-0.6744625265418596
DNMT1,IFNγ,107.01889024227106,201.21393007676005,72,-0.9045987531716887
SDCBP,IFNγ,58.127021681379084,149.7035837558231,212,-1.3498242115801962
EIF4A1,IFNγ,356.71067603446096,374.02283386312905,22,-0.06818526221860108
DLL3,IFNγ,15.711587954989849,15.479340065884267,212,0.020190357216867662
FKBP4,IFNγ,62.16120472425157,204.62463212517522,168,-1.7029025035306773
PSMB8-AS1,IFNγ,19.63267269389718,24.11978525520272,186,-0.28389341525296247
CDH19,IFNγ,0.0,0.017490779735462453,251,-0.02501572118420657
CDKN2A,IFNγ,307.3067243495081,132.40520259745074,215,1.2085514253042913
ITGA3,IFNγ,138.2915910609612,276.6341722960741,199,-0.9950769853289226
LGALS3,IFNγ,366.9009627659001,663.8450540797419,184,-0.8537006997775451
ENPP1,IFNγ,1.4219519038988027,3.0783772334413912,231,-0.7518250093029946
BOLA2B,IFNγ,4.500255614518904,4.827455206987636,125,-0.08336734319166152
HLA-C,IFNγ,305.8335860883632,805.5903330559295,164,-1.3943797059421839
TMED10,IFNγ,87.7834180499589,155.6329580861449,63,-0.8190256539528147
KDR,IFNγ,0.40484666230241967,2.798524757673992,266,-1.4350265541122316
CD151,IFNγ,44.741882359824544,94.03043185784614,199,-1.0548738492148488
HLA-E,IFNγ,218.7016908936211,653.8403280710573,187,-1.5755971990853228
RNASEH2A,IFNγ,1.6854140893876217,2.0289304493136444,127,-0.17366388301398042
EIF3K,IFNγ,213.1466552681212,381.61383226831975,182,-0.8372898868694874
SEC11C,IFNγ,107.90316642899761,173.70093355287761,210,-0.6818414156908655
SPINT1,IFNγ,0.0,0.4372694933865613,211,-0.5233305978562404
CTPS1,IFNγ,35.76613863178872,62.564519113749185,102,-0.7898440313323547
SLIRP,IFNγ,499.43070844840554,623.266445093469,147,-0.3189915998560943
S100A6,IFNγ,5064.680441630464,8885.211160936513,212,-0.8108123538013765
CGAS,IFNγ,16.715412423436636,38.427243078811,232,-1.1541877820840227
TP53,IFNγ,1.512357472911157,2.1513659074618814,209,-0.32693552256497965
E2F1,IFNγ,18.3690325980653,34.176983603093625,148,-0.8608798790464601
GPATCH4,IFNγ,110.46473382343268,186.5566566584425,161,-0.750739137249316
STOM,IFNγ,24.089884175836882,65.85278570401613,247,-1.4138818668109283
C19orf48,IFNγ,47.117920582345555,56.162893730569934,260,-0.24850465341863853
IFNGR2,IFNγ,52.644393701098295,76.88946771709294,253,-0.5380008541089473
ST6GALNAC2,IFNγ,0.0,0.1049446784127747,182,-0.14397413959181968
PFN1,IFNγ,683.4188118082992,1162.6820921351311,99,-0.7657456611553448
RPSA,IFNγ,1428.0432846010742,1755.269709572599,120,-0.29746480073700643
DDX39A,IFNγ,55.95904096649471,126.51080982659991,152,-1.1626227972390817
ILF2,IFNγ,215.44664507803347,364.3329418896829,48,-0.7552004077022691
CTSL,IFNγ,303.56515345417847,779.249218774323,189,-1.3571841210220523
NOLC1,IFNγ,41.447866068128775,63.63145667761239,81,-0.6065444790694312
SMAD3,IFNγ,38.83444289959626,58.31425963803181,243,-0.5743625838751923
RNF213,IFNγ,298.0772285749771,464.64256367256,194,-0.6387048694560536
NME1,IFNγ,499.77690425876773,717.7341464447017,207,-0.5212902019275444
TRIM22,IFNγ,8.829676795987794,15.549303184826117,170,-0.7515545870237995
EEA1,IFNγ,34.0125342487324,52.92709947950938,169,-0.6231389496831559
PET100,IFNγ,37.90058676092609,49.6563236689779,112,-0.380950462316649
LGALS3BP,IFNγ,247.4511357478138,347.4193578854907,177,-0.48786264416934877
BZW2,IFNγ,52.92805965204035,106.4838670294954,196,-0.9950121010537599
LAMP2,IFNγ,26.98064947819424,63.61396589787693,229,-1.2074165777005925
ISYNA1,IFNγ,4.246741333816518,9.514984176091573,150,-1.0029531074958102
TUBB,IFNγ,849.1302152659844,823.5533638442495,5,0.04407097144724245
LRPAP1,IFNγ,72.13374908603261,207.03835972866904,252,-1.5082403416971497
SMAD4,IFNγ,9.056099951743924,15.63675708350343,246,-0.7263033493595311
NT5E,IFNγ,25.893911122958,58.454185875915506,283,-1.1444988081192586
CD47,IFNγ,114.9991074337059,239.67615471504197,234,-1.0529795076739343
RRS1,IFNγ,47.932817363183766,66.04518428110622,59,-0.45433136002083185
FOS,IFNγ,5.465154478663734,6.506570061592031,182,-0.21546901281877082
CKS1B,IFNγ,118.64532972113544,301.366134842018,218,-1.3375324827445063
DAG1,IFNγ,7.095394024968692,18.435281841177424,185,-1.263504821840492
CDKN2B,IFNγ,13.529694296557368,13.20553870027415,237,0.03255080689166448
CHCHD2,IFNγ,887.1403721437923,1694.681648568957,238,-0.9330057200270927
SLC19A1,IFNγ,7.144573696277678,13.537863515247938,166,-0.8359041741223453
SLC25A13,IFNγ,30.55386296854349,49.00916481876579,243,-0.6643758740663477
CDC123,IFNγ,80.59904279041562,87.7512419328151,78,-0.12121507932453841
TIMP2,IFNγ,115.57089652196795,213.45747589158375,181,-0.8794839631053248
UQCRFS1,IFNγ,166.95467948059823,252.75925795716785,106,-0.5953884655545106
CORO1A,IFNγ,0.5219223024706758,1.7665687532817076,203,-0.8622030693884191
SERPINA3,IFNγ,0.0,0.034981559470924906,195,-0.04960506308996055
IRF4,IFNγ,0.0,0.017490779735462453,186,-0.02501572118420657
STAT1,IFNγ,277.3510351014557,1345.408268031507,189,-2.2741385878543174
ACSL3,IFNγ,63.747374215300184,138.78933720089455,109,-1.1103607279491992
ATP5MD,IFNγ,133.99632649526683,204.0299456141695,241,-0.6029144883448524
CCT3,IFNγ,462.0713915205428,729.3305334093133,36,-0.6573149172180162
HNRNPC,IFNγ,269.54750325499026,320.7634095686459,69,-0.2501183468822958
FRZB,IFNγ,1.3112570103077914,0.9969744449213597,169,0.2108618246172855
MT2A,IFNγ,2275.727919196781,3670.8249246409755,156,-0.6895353793826544
PPA1,IFNγ,357.0297977069166,520.3506971300079,41,-0.5421744936466573
TPRKB,IFNγ,84.79346901858625,131.75804374723864,48,-0.6298595432516326
DNAJC9,IFNγ,53.428317008014254,42.78244723294116,12,0.31400483016629477
UBC,IFNγ,3740.7659543150476,1713.6416538021983,94,1.1258122251716591
HASPIN,IFNγ,2.9096664940264545,2.3262737048165056,114,0.23313865997423516
PAICS,IFNγ,96.5416476345135,165.77761033271312,82,-0.7738353748155192
UBA52,IFNγ,891.3029173720322,1103.4583119508552,16,-0.30773350294518964
FTH1,IFNγ,8515.07213302691,13555.983963053877,40,-0.6707761813354922
ATP1B1,IFNγ,88.51708776138963,192.15370617379048,234,-1.1095143524953401
NCL,IFNγ,772.8874885736695,1428.2096192991864,52,-0.8850217882377094
PABPC1,IFNγ,326.73823942545323,480.6291363507727,67,-0.5553786595232405
SINHCAF,IFNγ,74.62328021450615,100.62445581811548,102,-0.42634529319501513
CDK6,IFNγ,59.35673487594892,92.61367869927368,98,-0.6332045874207454
AHCY,IFNγ,7.257526054518536,65.24060841327494,13,-3.003934402218767
ROMO1,IFNγ,131.4136631558605,195.37200964511558,57,-0.568537311431881
SNRPE,IFNγ,421.7538001321785,589.7890926797938,19,-0.4828254678194044
RUVBL2,IFNγ,56.084935025602775,76.18983652767444,19,-0.4353008404376979
GPI,IFNγ,59.638420774617884,107.58578615282954,36,-0.8405311805966094
CCT6A,IFNγ,428.636002306841,799.5035417079886,13,-0.8977928935068646
EEF1G,IFNγ,0.0,1.8365318722235573,45,-1.5041280747052992
SNRPG,IFNγ,393.2060827271406,454.70780078281734,35,-0.20915902894896277
SAE1,IFNγ,22.393550657410664,55.987985933215306,30,-1.2845469563242728
MYC,IFNγ,107.53938904458934,63.57898433840601,49,0.749082036701092
PRELID3B,IFNγ,119.75976191759331,179.68278022240577,38,-0.5813192006188076
NACA,IFNγ,1714.012645779935,1927.7287977642586,29,-0.16943108328391016
FARSA,IFNγ,26.481297583581597,25.25668593800778,15,0.06576529157126604
SNRPF,IFNγ,482.74949194509117,491.0711318528438,14,-0.024606734841266336
ATP1A1,IFNγ,59.31650439365822,105.4169294656322,11,-0.8191029563506822
UBL5,IFNγ,320.9804493726291,460.6371751131391,8,-0.519786316570504
PSMA7,IFNγ,1621.0578819688485,1693.7196556835063,10,-0.06322133724920749
RACK1,IFNγ,399.42416349762425,1104.8051019904856,15,-1.4654961921685534
HLA-B,Co-culture,1279.572921895009,2396.2708163410985,137,-0.9046034882685422
IFNGR1,Co-culture,23.575531775588615,69.0289008629999,287,-1.510727809329063
CDKN1A,Co-culture,7.281755590495037,13.062959496278037,252,-0.763891704116794
EMP1,Co-culture,5.991977939934016,6.715912964006624,181,-0.1421362367208172
CD63,Co-culture,413.38462798004946,1264.575884245338,178,-1.6107516235088366
PIK3IP1,Co-culture,0.4378908723399224,0.07631719277280254,177,0.4178508820695535
SPESP1,Co-culture,28.38275695909722,34.050187508798736,217,-0.25445239318153884
PPIA,Co-culture,1264.4375448425571,1643.6815393442348,165,-0.37817195553504795
SAT1,Co-culture,359.5312277991429,306.3117727257718,179,0.23042118964325953
POLD2,Co-culture,61.20977724175142,158.7906390959445,30,-1.3609696489084488
TPP1,Co-culture,9.237576614151044,14.589303351734086,197,-0.6066822104331069
DDX17,Co-culture,74.9307316475054,110.62177092417728,137,-0.5558626258587819
HNRNPA1,Co-culture,227.82950053251972,390.9475395108098,165,-0.7763875134476356
CXCR4,Co-culture,0.37120861441558956,0.10175625703040339,199,0.3156429882011885
ACTA2,Co-culture,1.2499011796879809,1.6535391767440553,243,-0.23805621211289368
RAB27A,Co-culture,54.6430918154211,76.43166856196174,211,-0.47672114524057535
NDUFA13,Co-culture,108.10534571106783,145.62592334263604,82,-0.42641840383034674
KCNN4,Co-culture,10.645139502717814,18.125333283540606,198,-0.7157569664527779
PFDN4,Co-culture,279.23226763407615,286.5074612012296,174,-0.03697631045402503
UQCRH,Co-culture,537.4930736688007,1123.2491627622367,71,-1.061962116187413
PUF60,Co-culture,108.98464330340057,178.26424278513795,60,-0.7047856472161456
CSPG4,Co-culture,0.0,0.03815859638640127,255,-0.054026856742280104
CD58,Co-culture,28.562435959829568,49.21186980632884,267,-0.7642632963736924
TM4SF1,Co-culture,88.4215766112922,169.04258199175763,211,-0.9272011830027601
IRF3,Co-culture,49.3930660145002,86.40378175094129,213,-0.7944704675953927
GRN,Co-culture,27.142467754939453,102.226879719169,186,-1.8749979434528194
CCR10,Co-culture,0.7993071605532324,0.36886643173521233,188,0.39445980943608333
JAK2,Co-culture,1.3422867695970513,2.8746142611088956,401,-0.7261349714920768
TSC22D3,Co-culture,5.456777772725206,4.057530749087335,249,0.35238118753511627
CTSA,Co-culture,55.332339866322094,211.47494117343587,186,-1.9152574001071012
TIMP1,Co-culture,1695.168266127297,2129.0716049113876,225,-0.32862263153798604
SOX4,Co-culture,26.223831109663262,42.088931814200606,199,-0.6624472278094604
A2M,Co-culture,0.0,0.0,229,0.0
CTSO,Co-culture,2.389775584140812,6.512400449945817,189,-1.1480842034774468
TFAP2A,Co-culture,40.60967752503467,50.700055065398494,212,-0.3132467096056421
VDAC2,Co-culture,100.15093715431775,263.7394986906768,229,-1.388063772183092
GSN,Co-culture,11.548342546344387,24.19255010897841,245,-1.0055003481587304
IDI2-AS1,Co-culture,0.0,0.050878128515201695,211,-0.07159536808071434
RB1,Co-culture,5.729380261983451,11.269505466117176,249,-0.866531549021854
C6orf226,Co-culture,3.758478501085365,10.022991317494734,182,-1.2119435241919698
KLF4,Co-culture,5.910657041302405,5.634752733058588,169,0.05878018398388446
MIA,Co-culture,0.0,0.59781801005362,190,-0.6761030960349729
C1QBP,Co-culture,163.9975021918897,676.7681459770841,104,-2.038347649592021
CTSB,Co-culture,80.22183556435378,247.4076194372971,220,-1.6127698894199907
NGFR,Co-culture,0.0,0.10175625703040339,154,-0.13980508990883736
CYP27A1,Co-culture,0.9615871572983503,2.760138471949692,211,-0.9387643532794343
LINC00518,Co-culture,0.0,0.0,225,0.0
CST3,Co-culture,287.2692556153279,578.9040657780937,155,-1.0083972739504083
JAK1,Co-culture,13.098852234904337,66.42139677659581,360,-2.257628796205885
HLA-DRB5,Co-culture,1.1253752423073569,0.7377328634704247,256,0.2905112585494635
RTP4,Co-culture,8.086501304453742,9.323417050410711,231,-0.1841237752462143
SERPINE2,Co-culture,59.02807589937323,219.0939409185873,153,-1.8744100984518293
SSR2,Co-culture,180.17288835988896,359.326782638612,134,-0.9919388102145045
APOE,Co-culture,1.7655597901526254,2.4803087651160824,203,-0.33164377158479735
CCND1,Co-culture,398.2900540134189,752.4748012077043,113,-0.9161221278665481
CD44,Co-culture,380.8536885720515,540.9998600342684,270,-0.5052725193063929
SDC3,Co-culture,3.045568712750791,6.385205128657812,242,-0.8682954670590387
EIF2S3,Co-culture,49.383325720070616,58.26817668203474,9,-0.23431132018728673
WBP2,Co-culture,28.95042721845959,56.53832031251789,225,-0.9419465237842812
NONO,Co-culture,40.20278465265472,119.11841838621598,165,-1.5436436349463778
MFGE8,Co-culture,10.319521036630286,19.588079478352654,259,-0.8629963424116143
TAPBPL,Co-culture,3.338292923853872,6.665034835491422,224,-0.8211648807159756
PTMA,Co-culture,1647.5777376711649,4230.9742891956585,216,-1.3601089445629169
GPNMB,Co-culture,1.4681684561804937,0.8903672490160297,196,0.3847743242713509
MRPL47,Co-culture,90.6939229788463,184.20426428928772,85,-1.0142192893442836
CD59,Co-culture,114.23863071213671,153.53747232674993,231,-0.4233322826653979
VAT1,Co-culture,35.604945329100964,119.75439499265599,151,-1.7219652236047438
CD274,Co-culture,2.0893132671044246,5.0369347230049675,215,-0.9665300287886396
TXNDC17,Co-culture,116.98983669304779,216.4482782357968,141,-0.8820096902141167
TIMP3,Co-culture,45.55531380869028,82.00282363437634,194,-0.8342145697297684
B2M,Co-culture,2407.8071486330878,6139.603682782806,268,-1.3500615992479625
IDH2,Co-culture,6.380579955879677,23.085950813772772,256,-1.7063857858295555
GSEC,Co-culture,1.7794203805023572,5.609313668800987,163,-1.2497164105563503
STX7,Co-culture,4.658922243752482,16.929697263433365,196,-1.66375190965631
HLA-F,Co-culture,29.11568657368812,57.288772708117115,210,-0.9527028758027323
XAGE1A,Co-culture,0.0,0.11447578915920381,141,-0.15636527587146856
UCN2,Co-culture,3.8745806842681687,2.39127204021448,165,0.5234516035429024
GAA,Co-culture,2.012650177247392,5.3294839619673775,228,-1.0710547227423624
CITED1,Co-culture,0.3161718419254612,0.13991485341680468,236,0.2074217969137447
SP100,Co-culture,38.94498047882854,101.06940229544819,216,-1.3534643199124319
ST3GAL6-AS1,Co-culture,0.3691548937018484,0.2543906425760085,195,0.12629896671170207
TOP1MT,Co-culture,9.049726956809533,14.487547094703684,183,-0.6239523642903095
FMN1,Co-culture,5.550534377697212,6.029058229051401,230,-0.10171880309447959
NMRK1,Co-culture,11.176810200034069,17.15864884175177,195,-0.5765205990606282
TGFB1,Co-culture,25.332257596068906,100.86588978138737,247,-1.951767918652388
HSPA1A,Co-culture,100.24408170313853,194.20181654252488,169,-0.9471289019740413
PSAP,Co-culture,67.87533789191644,110.78712484185169,251,-0.6986946379107025
CCND2,Co-culture,0.0,0.07631719277280254,188,-0.10610330559348191
FBXO32,Co-culture,5.579082317304141,7.517243488121051,247,-0.3725002298506578
NEAT1,Co-culture,344.2763952044049,348.2735092186844,170,-0.016605517310264342
APOD,Co-culture,0.3979389943604086,0.012719532128800424,190,0.4650667214007689
TIMM50,Co-culture,113.69445703236502,132.39760992868364,101,-0.21793714783725734
MDH2,Co-culture,174.39127982231523,358.11842708637596,149,-1.0338826614317544
SLC5A3,Co-culture,7.60045655612078,10.49361400626035,236,-0.41834735203261847
BOLA2,Co-culture,0.0,0.06359766064400213,118,-0.08895250914066588
HLA-A,Co-culture,1340.1734548654038,1894.0528097675424,249,-0.4987422187617426
SET,Co-culture,246.19072866001247,675.318119314401,148,-1.4520773723396672
SLC22A18,Co-culture,5.419881036463819,12.147153183004406,254,-1.0341319707006413
TMEM173,Co-culture,6.733859359980337,6.983023138711433,211,-0.04574666343462333
TTLL1,Co-culture,0.6270247019516457,1.348270405652845,227,-0.5293623911871553
SLC26A2,Co-culture,5.178249144208024,8.738318572485891,225,-0.6564746463972172
SGK1,Co-culture,20.153282200181454,31.239170908333843,191,-0.6079331095348736
CTSD,Co-culture,93.1487387449672,431.07766337717516,270,-2.198276978357985
P2RX4,Co-culture,1.8781176753410662,3.7649815101249255,77,-0.727345036335205
AHNAK,Co-culture,66.95244131057117,107.53092461687878,180,-0.6755088919309222
PROS1,Co-culture,1.3414877904488753,3.8412987028977286,164,-1.0479685944620172
EVA1A,Co-culture,21.037705103784166,24.930282972448833,192,-0.23466395344873459
MC1R,Co-culture,1.2933498537221315,1.8061735622896602,175,-0.29114778578919265
FBL,Co-culture,94.98902074954972,131.5581208081828,61,-0.4656837511212097
LCP1,Co-culture,0.0,0.6105375421824203,230,-0.6875422908288497
LY96,Co-culture,1.1019429458020382,0.7377328634704247,227,0.27451719200441566
NPC1,Co-culture,18.139213018150397,27.067164370087305,227,-0.5523518063857432
NSG1,Co-culture,0.4167864927833419,0.750452395599225,177,-0.3051054644624099
STAT3,Co-culture,27.348657834002626,49.07195495291204,176,-0.8207223510294954
RBP7,Co-culture,0.0,0.050878128515201695,206,-0.07159536808071434
CDK4,Co-culture,43.268353771894155,129.7392277137643,147,-1.5623444508405642
SCARB2,Co-culture,38.414057442359706,108.71384110485724,178,-1.4769633633654307
TAPBP,Co-culture,79.87895768704172,172.54045332717777,156,-1.1014356929271782
FSTL3,Co-culture,12.39566103490467,20.249495149050276,245,-0.6656627902140604
DDR1,Co-culture,4.685823353831207,12.910325110732431,187,-1.2907149553726551
SERPINF1,Co-culture,0.0,0.06359766064400213,212,-0.08895250914066588
JPT1,Co-culture,193.52217571813554,480.49304569756487,128,-1.3075803278484124
AGA,Co-culture,12.80318273645794,30.73038962318183,222,-1.2008642746414746
JMJD7,Co-culture,0.0,0.012719532128800424,247,-0.01823468190621618
AEBP1,Co-culture,3.5107316683954357,9.933954592593132,235,-1.2773819177467505
FGFR1,Co-culture,23.17894882000079,33.783077334093925,253,-0.5246340518705283
PYGB,Co-culture,30.90243952686894,54.22336546507621,154,-0.7916120637271186
CMSS1,Co-culture,25.53113755961161,85.05551134528844,204,-1.697581056828681
ARMC6,Co-culture,13.9950243023597,26.405748699389683,165,-0.8699946879253311
FOXM1,Co-culture,44.63241359780347,69.2960110377047,50,-0.6233838624929825
NPC2,Co-culture,84.3134466017282,192.15397186978802,212,-1.1789062906945622
S100B,Co-culture,0.0,0.012719532128800424,176,-0.01823468190621618
SHMT2,Co-culture,59.124283261570994,109.47701303258525,131,-0.8777265232788068
DNMT1,Co-culture,101.25902161053507,166.67674901580077,68,-0.7134545228598673
SDCBP,Co-culture,61.422198488363556,196.28781981164815,211,-1.6601708149758396
EIF4A1,Co-culture,370.9778194314277,466.2471697133084,20,-0.3289693272553864
DLL3,Co-culture,13.31937758548543,12.92304464286123,185,0.040494055723343865
FKBP4,Co-culture,85.8285399701987,267.9751028895674,140,-1.6312314088448365
PSMB8-AS1,Co-culture,11.822407865733322,19.715274799640657,179,-0.6920277536000174
CDH19,Co-culture,0.0,0.0,243,0.0
CDKN2A,Co-culture,284.3177764979672,105.71203152246032,170,1.4188467899953134
ITGA3,Co-culture,106.82096534300601,187.43502545000305,197,-0.8054294200219546
LGALS3,Co-culture,293.51367452437444,548.61885977942,136,-0.9000968888692601
ENPP1,Co-culture,0.37016760078460725,1.8061735622896602,197,-1.0342518662188664
BOLA2B,Co-culture,3.951491490463075,5.761948054346592,113,-0.4495757735158323
HLA-C,Co-culture,578.0475563246742,1504.3645039374837,156,-1.3783591140312592
TMED10,Co-culture,71.45867306740935,162.2503518349782,40,-1.1718558099191687
KDR,Co-culture,0.3442390561240472,0.44518362450801485,211,-0.10446308645808486
CD151,Co-culture,45.2951571811639,113.62358050657419,205,-1.3079706778321505
HLA-E,Co-culture,105.08642355604435,293.2233741652362,178,-1.4716718253324084
RNASEH2A,Co-culture,3.155340571684605,2.3531134438280787,51,0.3094654313443113
EIF3K,Co-culture,283.61750742801996,476.6008688661519,141,-0.7467810533669372
SEC11C,Co-culture,61.37930668663135,131.83795051501642,197,-1.0905279464494981
SPINT1,Co-culture,0.0,0.12719532128800426,217,-0.17273752849847418
CTPS1,Co-culture,39.76785215035623,67.57887420031665,71,-0.7503322703944033
SLIRP,Co-culture,405.36928531897735,532.7194446184194,132,-0.3932902102009754
S100A6,Co-culture,3256.3160753457746,7223.880199102398,208,-1.1492899462710586
CGAS,Co-culture,7.297396511019545,23.391219584863983,216,-1.5556312605361173
TP53,Co-culture,3.8173023811187066,2.187759526153673,185,0.5956826830734154
E2F1,Co-culture,15.867870509109292,38.43842609323488,127,-1.2253241263388417
GPATCH4,Co-culture,73.0166122660015,132.0796216254636,150,-0.846368659207481
STOM,Co-culture,23.410855187898715,57.26333364385951,217,-1.255065412209561
C19orf48,Co-culture,40.77670493793725,47.50745250106959,231,-0.21550770759430898
IFNGR2,Co-culture,58.99149749328153,84.89015742761403,435,-0.5177347712060286
ST6GALNAC2,Co-culture,0.0,0.03815859638640127,140,-0.054026856742280104
PFN1,Co-culture,1701.7615033785985,2666.904301445585,92,-0.6478305388800749
RPSA,Co-culture,2009.4683423589115,2550.2407527602277,116,-0.3436674290057074
DDX39A,Co-culture,89.78673172440651,176.1019223232419,142,-0.9640265002511397
ILF2,Co-culture,273.9873476556957,456.2750565243288,28,-0.7336969842090187
CTSL,Co-culture,153.40710494048884,498.7837328987799,195,-1.6945648061571754
NOLC1,Co-culture,35.91168337648177,50.254871440890476,83,-0.4736115959388496
SMAD3,Co-culture,29.696783593414906,49.80968781638246,237,-0.7270161019510853
RNF213,Co-culture,54.632444296532164,87.82836934936692,164,-0.6750940134705616
NME1,Co-culture,483.8950275238036,757.0919913704589,166,-0.6447004648402125
TRIM22,Co-culture,2.9184128503554625,5.558435540285785,160,-0.743082302786716
EEA1,Co-culture,13.770159513527805,24.052635255561604,184,-0.7622769598170398
PET100,Co-culture,29.379550892433237,42.47051777806462,69,-0.5169367373628171
LGALS3BP,Co-culture,259.33079007172546,545.5152939399926,174,-1.069915915988267
BZW2,Co-culture,46.98731661009606,105.89010497226354,183,-1.1554032593709649
LAMP2,Co-culture,22.074663975423128,52.25183798511215,230,-1.2065216819698474
ISYNA1,Co-culture,19.180147501146447,28.44087383999775,134,-0.5448837734687165
TUBB,Co-culture,1626.186854115302,2048.811357178657,5,-0.3331112165807586
LRPAP1,Co-culture,52.37203707801491,157.44236869029166,218,-1.5698021930226884
SMAD4,Co-culture,6.419663686658784,13.164715753308439,178,-0.9328759511388371
NT5E,Co-culture,17.567729085540098,24.53597747645602,235,-0.4597339060200355
CD47,Co-culture,74.12994289408469,121.81495919752166,186,-0.7090263848151116
RRS1,Co-culture,38.71837031798107,49.695212027223256,53,-0.3520430675742827
FOS,Co-culture,3.2330248873637224,3.472432271162516,156,-0.07937066404370481
CKS1B,Co-culture,160.07829767947305,319.2475369007619,182,-0.9914253438302718
DAG1,Co-culture,11.126498351887431,16.76434334575896,180,-0.5508213428939982
CDKN2B,Co-culture,22.318909422285557,24.154391512592007,184,-0.10930997288004138
CHCHD2,Co-culture,794.9658105301785,1565.3928190914683,213,-0.9766676877387329
SLC19A1,Co-culture,7.137899601663214,12.668654000285223,172,-0.7481427958437616
SLC25A13,Co-culture,21.419052380961944,39.44326913141012,218,-0.8511743197115502
CDC123,Co-culture,72.51972469363774,104.07121187784507,56,-0.5151641747363832
TIMP2,Co-culture,79.9717235782311,177.47563179315233,147,-1.1402370166145956
UQCRFS1,Co-culture,192.3920374759049,297.21730725367956,107,-0.6248355918832045
CORO1A,Co-culture,3.1901030243771724,4.731665951913758,167,-0.4519688134228185
SERPINA3,Co-culture,0.0,0.012719532128800424,156,-0.01823468190621618
IRF4,Co-culture,0.0,0.0,169,0.0
STAT1,Co-culture,67.45347578268752,642.2218967152622,360,-3.2321208174188314
ACSL3,Co-culture,54.146385837038146,122.03119124371126,104,-1.157685875167341
ATP5MD,Co-culture,91.90183304667859,191.327202281416,211,-1.0497838604831067
CCT3,Co-culture,361.21493859346043,777.2270107303499,36,-1.103345006648097
HNRNPC,Co-culture,297.7398455966102,318.81507280838264,48,-0.09834825871254427
FRZB,Co-culture,0.0,0.419744560250414,150,-0.5056313840890387
MT2A,Co-culture,1199.592305703887,1686.1647766544284,140,-0.49085455383162874
PPA1,Co-culture,147.89374655941631,273.8388072009443,27,-0.8843025639378027
TPRKB,Co-culture,117.94899797957734,141.2885628867151,71,-0.258476584493863
DNAJC9,Co-culture,37.260253556025454,37.61165650486285,7,-0.01319001498935996
UBC,Co-culture,3418.4557876490126,1392.5852555895858,73,1.294965470820704
HASPIN,Co-culture,2.1386394403608313,2.3531134438280787,108,-0.09536198880326133
PAICS,Co-culture,118.08561744017219,238.52938601139437,54,-1.008203477639734
UBA52,Co-culture,837.177741646949,1306.3722668205764,15,-0.6413418834537944
FTH1,Co-culture,9701.033990241996,17094.10993573024,16,-0.8172245615141049
ATP1B1,Co-culture,52.55948255189428,126.22863684621542,194,-1.24820950382201
NCL,Co-culture,536.3008647851445,899.2582019740612,38,-0.7446086783608127
PABPC1,Co-culture,241.78057465783036,493.68320051513086,72,-1.0268519128805693
SINHCAF,Co-culture,42.839802936906494,89.9143726184902,86,-1.0522670742639892
CDK6,Co-culture,22.918073916819452,45.09074139659751,51,-0.9463757581036103
AHCY,Co-culture,144.13375612568464,126.40671029601862,7,0.1879418456540454
ROMO1,Co-culture,102.47891091885828,137.218312605499,38,-0.41761199636559676
SNRPE,Co-culture,281.65724374343085,565.8029476854293,11,-1.003793591225858
RUVBL2,Co-culture,68.39134439145383,132.83007402106284,17,-0.9475747289702042
GPI,Co-culture,63.96882258001023,130.08265508124194,31,-1.0126573353067094
CCT6A,Co-culture,464.1730509238395,797.2221152368242,15,-0.7790227312182648
EEF1G,Co-culture,7.45423102152782,1.9079298193200636,29,1.5396810848712659
SNRPG,Co-culture,409.80221483801694,494.3700552500861,22,-0.2700627014222611
SAE1,Co-culture,43.31348132106118,91.28808208840064,31,-1.058398681784692
MYC,Co-culture,69.15000557041712,53.167644298385774,67,0.3730118677283479
PRELID3B,Co-culture,132.39153628696255,207.77355732395495,20,-0.6462718655425019
NACA,Co-culture,1207.7928897757706,1910.3083718281493,21,-0.6609934829371276
FARSA,Co-culture,13.713564772594813,36.36514235624041,13,-1.3445461966207206
SNRPF,Co-culture,311.34754438044524,407.7373219208264,11,-0.3880217945245753
ATP1A1,Co-culture,125.41347254228785,118.83858867938237,6,0.07705768862286559
UBL5,Co-culture,265.82390642998496,344.2286980017259,7,-0.37166446472160164
PSMA7,Co-culture,1147.4915639921037,1547.7889866252085,9,-0.431400339080612
RACK1,Co-culture,499.11997267974886,1592.3836662687827,3,-1.6717475646245805
