gene,guide,condition,n_cells,self_log2fc
HLA-B,HLA-B_2,Control,25,0.14183423896871605
IFNGR1,IFNGR1_1,Control,58,-2.5928105488122704
CDKN1A,CDKN1A_3,Control,49,-0.47450707695426436
EMP1,EMP1_3,Control,44,-0.28916368275578797
CD63,CD63_2,Control,31,-1.4499557413524315
PIK3IP1,PIK3IP1_2,Control,36,-0.08751358955133781
SPESP1,SPESP1_3,Control,68,-0.08659149249569062
PPIA,PPIA_2,Control,10,-1.50404902016091
SAT1,SAT1_3,Control,32,1.3460482622543175
POLD2,POLD2_2,Control,20,-1.0827965690566683
TPP1,TPP1_3,Control,42,-1.1070453772076483
DDX17,DDX17_2,Control,47,-0.21011801009461284
HNRNPA1,HNRNPA1_2,Control,47,-0.7087345437781576
CXCR4,CXCR4_1,Control,41,-0.08751358955133781
ACTA2,ACTA2_1,Control,52,-1.1837045590059894
RAB27A,RAB27A_3,Control,26,-0.635824443594102
NDUFA13,NDUFA13_1,Control,30,-0.8483416501523007
KCNN4,KCNN4_3,Control,51,-0.39309325729169525
PFDN4,PFDN4_3,Control,72,-0.3018999723021304
UQCRH,UQCRH_1,Control,17,-1.4094908203135958
PUF60,PUF60_3,Control,26,-0.8874729234197724
CSPG4,CSPG4_2,Control,43,1.0119929091512716
CD58,CD58_1,Control,36,-0.8297744740997975
TM4SF1,TM4SF1_3,Control,40,-0.5167015001741618
IRF3,IRF3_2,Control,41,0.025473221972523306
GRN,GRN_2,Control,40,-1.6954089570859974
CCR10,CCR10_3,Control,37,1.9117645175823554
JAK2,JAK2_2,Control,55,-1.1227309598461754
PFDN4,PFDN4_1,Control,64,-0.4016742617858713
TSC22D3,TSC22D3_3,Control,59,0.06246477320200815
CTSA,CTSA_3,Control,35,-1.5510854055511611
EMP1,EMP1_2,Control,46,-0.08328046093607126
TIMP1,TIMP1_3,Control,53,-2.3122066754890804
SOX4,SOX4_2,Control,62,-0.32411168323649153
A2M,A2M_3,Control,53,-0.029764950149690127
CTSO,CTSO_3,Control,40,-2.143625199290032
TFAP2A,TFAP2A_2,Control,43,-0.6005911100712233
VDAC2,VDAC2_2,Control,45,-2.083315331985648
GSN,GSN_1,Control,62,-1.0946469174271556
IDI2-AS1,IDI2-AS1_3,Control,44,-0.1700208578456239
RB1,RB1_2,Control,51,-0.42645469102715844
C6orf226,C6orf226_1,Control,48,-1.6270664450945422
KLF4,KLF4_1,Control,36,0.34181335170051136
MIA,MIA_2,Control,39,0.3614286907208578
C1QBP,C1QBP_1,Control,23,-1.2265295597314871
CTSB,CTSB_3,Control,41,-1.2571967524338354
NGFR,NGFR_1,Control,38,-0.05892819809246811
CYP27A1,CYP27A1_3,Control,43,-1.6152907536277168
LINC00518,LINC00518_2,Control,50,-0.029764950149690127
IFNGR1,IFNGR1_2,Control,38,-1.10027219710771
CST3,CST3_2,Control,52,-0.6499128076433116
JAK1,JAK1_2,Control,62,-1.6246645746612476
HLA-DRB5,HLA-DRB5_2,Control,64,0.0
RTP4,RTP4_2,Control,51,-0.9232397484895162
SERPINE2,SERPINE2_2,Control,37,-1.2810469002595655
SOX4,SOX4_3,Control,57,-1.119464959472086
RTP4,RTP4_1,Control,64,0.20214878473426237
SSR2,SSR2_2,Control,34,-0.7213672866501504
JAK2,JAK2_1,Control,56,-0.3892733056098249
APOE,APOE_1,Control,38,0.6058936946804918
TPP1,TPP1_2,Control,38,0.12215231122080286
CCND1,CCND1_2,Control,39,-0.6477761497188361
CD44,CD44_2,Control,49,-1.5914807265254969
SDC3,SDC3_2,Control,47,-0.2953564198675826
WBP2,WBP2_2,Control,38,-0.646611263911847
NONO,NONO_3,Control,45,-0.731073871718794
MFGE8,MFGE8_1,Control,39,-0.2792764465513172
TAPBPL,TAPBPL_3,Control,42,-1.4924089748339306
PTMA,PTMA_3,Control,33,-0.9052873510099136
CD58,CD58_3,Control,47,-0.8346798132100604
GPNMB,GPNMB_2,Control,42,-1.0434150121222667
MRPL47,MRPL47_1,Control,22,-0.3837936005435666
CD59,CD59_2,Control,70,-0.4095485240799646
VAT1,VAT1_1,Control,36,-1.7490622209408047
CD274,CD274_2,Control,57,-0.31584019757751447
TXNDC17,TXNDC17_3,Control,61,-1.555957945838782
GSN,GSN_3,Control,39,0.3853696827257864
TIMP3,TIMP3_3,Control,53,-0.9324366405220683
GSN,GSN_2,Control,62,-1.8358620791186078
CD44,CD44_1,Control,36,0.16029964919390935
B2M,B2M_3,Control,34,-1.6601222096977035
SAT1,SAT1_1,Control,57,0.46993356570857836
IDH2,IDH2_2,Control,56,-0.35283623018862176
JAK1,JAK1_1,Control,35,-1.694634007925253
GSEC,GSEC_2,Control,42,-1.231864560704803
STX7,STX7_3,Control,43,-0.9376048245234455
HLA-F,HLA-F_2,Control,45,-1.2596181854319266
XAGE1A,XAGE1A_2,Control,26,-0.29784138881359057
UCN2,UCN2_3,Control,28,-0.14356257391869331
GAA,GAA_3,Control,54,1.1517355650339651
CITED1,CITED1_3,Control,52,-0.64416674141262
SP100,SP100_3,Control,37,-1.0103031315636353
ST3GAL6-AS1,ST3GAL6-AS1_2,Control,60,0.517020128854658
TOP1MT,TOP1MT_1,Control,55,-1.1961284740874296
FMN1,FMN1_2,Control,41,-0.534748444105565
NMRK1,NMRK1_2,Control,49,-1.6422700422852068
TGFB1,TGFB1_2,Control,58,-2.164241767395539
HSPA1A,HSPA1A_3,Control,37,-1.2448971499163253
TOP1MT,TOP1MT_3,Control,47,-1.0996289652723716
PSAP,PSAP_1,Control,48,-0.39122592360558184
CCND2,CCND2_1,Control,38,-0.08751358955133781
TAPBPL,TAPBPL_1,Control,44,0.010994815173721174
FBXO32,FBXO32_2,Control,56,-0.845628014716403
NEAT1,NEAT1_2,Control,33,0.04348976247564507
JAK2,JAK2_3,Control,50,-0.2925044702896062
TIMP1,TIMP1_2,Control,29,-0.7179032204336964
APOD,APOD_3,Control,50,-0.1700208578456239
TIMM50,TIMM50_3,Control,62,-0.5823642729381799
MDH2,MDH2_3,Control,23,-1.7568019938168997
SLC5A3,SLC5A3_2,Control,58,0.11968752408613764
BOLA2,BOLA2_2,Control,26,-0.14303934176240313
HLA-A,HLA-A_2,Control,60,-0.5831933818415601
SET,SET_1,Control,42,-1.0279282718955614
SLC22A18,SLC22A18_1,Control,58,-1.2827099209264075
TMEM173,TMEM173_2,Control,58,-0.7325538734705702
UCN2,UCN2_1,Control,33,0.8321949257435178
NMRK1,NMRK1_1,Control,49,-1.1156506570178653
TTLL1,TTLL1_1,Control,74,-1.0448384908222605
SLC26A2,SLC26A2_3,Control,51,-0.3825848744518948
SGK1,SGK1_2,Control,51,-0.49975510815284474
CTSD,CTSD_1,Control,49,-2.318792576545716
TGFB1,TGFB1_3,Control,66,-1.984565860196405
CITED1,CITED1_2,Control,46,-0.64416674141262
P2RX4,P2RX4_2,Control,31,-0.6156474177629481
SET,SET_2,Control,51,-2.8328579500529782
AHNAK,AHNAK_1,Control,50,-0.21449990006605352
PROS1,PROS1_2,Control,46,-1.2736431526640168
EVA1A,EVA1A_3,Control,38,-0.475432178947338
MC1R,MC1R_1,Control,42,-1.4924089748339306
FBL,FBL_3,Control,39,-0.4165724346736075
LCP1,LCP1_3,Control,34,-2.0006469071591586
CTSO,CTSO_2,Control,55,0.6582322102227062
LY96,LY96_1,Control,52,-1.2859109223627359
NPC1,NPC1_2,Control,61,-1.0270668309027509
TXNDC17,TXNDC17_1,Control,33,-0.5231825760541234
AHNAK,AHNAK_2,Control,58,-0.42127623212331144
LINC00518,LINC00518_3,Control,36,-0.029764950149690127
NSG1,NSG1_3,Control,40,-0.46451969487379774
NSG1,NSG1_2,Control,43,-1.9234672011275629
CD58,CD58_2,Control,45,-1.436361673441022
STAT3,STAT3_2,Control,56,-0.7028882406555182
CTSO,CTSO_1,Control,73,-1.0158399750434226
RBP7,RBP7_2,Control,46,-0.41525316723065586
PIK3IP1,PIK3IP1_1,Control,39,2.73859367343073
CDK4,CDK4_3,Control,51,-0.9726472491005737
HSPA1A,HSPA1A_2,Control,35,-0.2707368352046169
SCARB2,SCARB2_2,Control,43,-1.6687290408848727
TAPBP,TAPBP_2,Control,42,-0.612710006394241
RAB27A,RAB27A_1,Control,56,-0.7977837359287548
FSTL3,FSTL3_2,Control,42,-2.0240647429352254
DDR1,DDR1_3,Control,49,-0.36281199030861244
CDKN1A,CDKN1A_1,Control,48,-0.0733711607017223
JAK1,JAK1_3,Control,38,-1.730968524367537
SLC22A18,SLC22A18_2,Control,44,-0.22188817407336964
SPESP1,SPESP1_2,Control,41,-0.4515573649298757
SERPINF1,SERPINF1_3,Control,44,-0.1700208578456239
JPT1,JPT1_1,Control,40,-1.562508221377655
AGA,AGA_1,Control,47,-0.5066780180076165
TSC22D3,TSC22D3_1,Control,59,-0.8518907034876099
JMJD7,JMJD7_1,Control,61,0.0
AEBP1,AEBP1_1,Control,52,-1.480533419284589
IFNGR1,IFNGR1_3,Control,37,-0.7546942061838533
CTSB,CTSB_1,Control,42,-1.027279876655416
VAT1,VAT1_3,Control,33,-1.2156776424880533
C6orf226,C6orf226_3,Control,25,0.6241369555292999
FGFR1,FGFR1_1,Control,67,-0.7184861372219988
PYGB,PYGB_2,Control,21,-0.23912134769099186
MIA,MIA_3,Control,40,-1.2610301003486184
CMSS1,CMSS1_2,Control,31,-1.3417808250634453
ARMC6,ARMC6_3,Control,45,-1.1430745020933055
NPC2,NPC2_2,Control,46,-1.5209627200052291
TAPBPL,TAPBPL_2,Control,54,-1.4924089748339306
CD63,CD63_3,Control,37,-1.0769324301203855
CD59,CD59_1,Control,46,-1.7264928892248816
IRF3,IRF3_1,Control,44,-0.32343327428522256
S100B,S100B_2,Control,49,-0.029764950149690127
CDK4,CDK4_2,Control,43,-0.42672466387584
SHMT2,SHMT2_2,Control,24,-2.4494804050039605
DNMT1,DNMT1_3,Control,24,-0.586061946118769
TSC22D3,TSC22D3_2,Control,51,0.6413034189154397
FSTL3,FSTL3_1,Control,50,-0.9882369179606038
SDCBP,SDCBP_2,Control,54,-1.7852569821298698
EIF4A1,EIF4A1_3,Control,10,0.3233228568067119
DLL3,DLL3_3,Control,58,0.29550107078401355
FKBP4,FKBP4_3,Control,37,-1.730721418528577
PSMB8-AS1,PSMB8-AS1_3,Control,39,-1.2228853292900628
FBXO32,FBXO32_1,Control,42,-1.463806017590678
CDH19,CDH19_1,Control,68,0.0
HLA-A,HLA-A_1,Control,45,-0.8228655551918517
CDKN2A,CDKN2A_3,Control,30,0.3420804782076995
ITGA3,ITGA3_2,Control,49,-1.1041983566599367
SLC22A18,SLC22A18_3,Control,64,-0.4409536075057161
GSEC,GSEC_1,Control,29,-0.8105136459646494
BOLA2,BOLA2_1,Control,18,-0.14303934176240313
TTLL1,TTLL1_3,Control,61,-1.0448384908222605
LGALS3,LGALS3_2,Control,44,-0.22981467601336886
ENPP1,ENPP1_1,Control,60,-0.9899062177427934
SSR2,SSR2_3,Control,32,-0.75751291633381
AGA,AGA_3,Control,43,-0.8925275398557577
NPC2,NPC2_3,Control,39,-1.0505786064481333
SPESP1,SPESP1_1,Control,43,-0.23482220724318673
BOLA2B,BOLA2B_3,Control,45,0.29621758324256
HLA-C,HLA-C_1,Control,45,-1.4390033339348114
SDC3,SDC3_1,Control,45,0.2818096901586107
FKBP4,FKBP4_2,Control,41,-1.192465797852002
PROS1,PROS1_1,Control,40,-2.7511621948506706
PSMB8-AS1,PSMB8-AS1_2,Control,45,0.22227398794397576
TMED10,TMED10_3,Control,27,-0.9528508505881081
CDH19,CDH19_2,Control,45,0.0
CD44,CD44_3,Control,73,0.02045922561974484
KDR,KDR_2,Control,47,-0.6821489300438655
RBP7,RBP7_3,Control,44,-0.41525316723065586
CD151,CD151_1,Control,42,-1.2903040709931166
UCN2,UCN2_2,Control,44,0.5576045727148332
FMN1,FMN1_3,Control,57,0.369610527669346
VDAC2,VDAC2_3,Control,37,-0.6577834465959276
HLA-E,HLA-E_3,Control,31,-1.4510331456873564
RNASEH2A,RNASEH2A_3,Control,15,1.028780328944037
EIF3K,EIF3K_2,Control,51,-1.1886884995996798
NONO,NONO_1,Control,45,-1.6872912278382248
AEBP1,AEBP1_2,Control,52,-1.2288957533026743
FGFR1,FGFR1_3,Control,55,-0.3300799078861565
SEC11C,SEC11C_3,Control,54,-1.2975703698264027
B2M,B2M_1,Control,45,-0.9774084906312646
SPINT1,SPINT1_3,Control,56,-0.8583676871539971
C1QBP,C1QBP_3,Control,29,-1.2702844623359804
LGALS3,LGALS3_1,Control,36,-1.0733424406412961
JMJD7,JMJD7_2,Control,45,0.0
B2M,B2M_2,Control,53,-1.1284600949544108
NGFR,NGFR_2,Control,54,-0.05892819809246811
NMRK1,NMRK1_3,Control,41,-3.694282789317195
CTPS1,CTPS1_3,Control,17,-1.5212851856587934
SAT1,SAT1_2,Control,48,-0.3937216178012326
SLIRP,SLIRP_2,Control,39,-0.17968815330757504
S100A6,S100A6_3,Control,50,-0.7442199145883215
ITGA3,ITGA3_1,Control,55,-0.9982362832704006
CGAS,CGAS_2,Control,47,-1.423283764635336
PIK3IP1,PIK3IP1_3,Control,39,-0.08751358955133781
TM4SF1,TM4SF1_1,Control,70,-0.4633308025917783
TP53,TP53_3,Control,54,0.458081194701939
IDH2,IDH2_1,Control,37,-2.0088554000242134
HLA-E,HLA-E_2,Control,44,-1.6424608315915201
TMEM173,TMEM173_1,Control,49,-2.5856812685509993
E2F1,E2F1_1,Control,19,-2.780904601342391
GPATCH4,GPATCH4_1,Control,41,-0.42352268860447334
STOM,STOM_2,Control,53,-1.7285338421151324
HLA-F,HLA-F_1,Control,47,-0.6659406061311953
STX7,STX7_2,Control,41,-0.5613290992636997
C19orf48,C19orf48_1,Control,56,-0.19111364149750176
IFNGR2,IFNGR2_1,Control,42,-0.7128196395657572
SERPINF1,SERPINF1_1,Control,65,-0.1700208578456239
ST6GALNAC2,ST6GALNAC2_2,Control,32,-0.1965070114258328
PFN1,PFN1_1,Control,26,-1.2806885319817007
PYGB,PYGB_3,Control,66,-0.8196064116372067
SLC5A3,SLC5A3_3,Control,50,0.40100656937609375
TAPBP,TAPBP_1,Control,44,-1.0068964612054028
SGK1,SGK1_3,Control,28,-0.6375948599966405
RPSA,RPSA_3,Control,53,-0.36974124986387924
SCARB2,SCARB2_3,Control,61,-1.4217847942554098
E2F1,E2F1_2,Control,51,-0.9995707602640954
CCND1,CCND1_3,Control,29,-0.6826577827609026
NEAT1,NEAT1_1,Control,41,-0.5929635414283059
JPT1,JPT1_3,Control,53,-0.8242789374716349
JMJD7,JMJD7_3,Control,39,0.0
EIF3K,EIF3K_1,Control,41,-0.8507447960944811
DDR1,DDR1_1,Control,26,-2.1338383141354096
DDX39A,DDX39A_1,Control,25,-1.4638299957467988
CCR10,CCR10_1,Control,28,-0.5238245040803017
ILF2,ILF2_2,Control,10,-1.3704716501919052
SDCBP,SDCBP_3,Control,35,-0.529152055650428
RBP7,RBP7_1,Control,38,-0.41525316723065586
DLL3,DLL3_1,Control,25,-0.5648795933978279
TFAP2A,TFAP2A_1,Control,35,-0.7319873606574042
CTSL,CTSL_2,Control,45,-0.9434505732933793
NOLC1,NOLC1_3,Control,31,0.16428060018627771
IDH2,IDH2_3,Control,65,-1.4591143403686107
MDH2,MDH2_2,Control,56,-0.746657002146339
IRF3,IRF3_3,Control,46,-0.0498128230787031
HLA-A,HLA-A_3,Control,51,-0.22782333816830974
RTP4,RTP4_3,Control,50,0.4239770829213375
SMAD3,SMAD3_1,Control,50,-0.31984260766808836
KDR,KDR_1,Control,40,-0.6821489300438655
RNF213,RNF213_2,Control,47,-0.14945604253708372
SERPINE2,SERPINE2_3,Control,40,-1.3633978636564634
NME1,NME1_1,Control,31,-0.6238234806102975
FSTL3,FSTL3_3,Control,65,-0.9672968790962873
CXCR4,CXCR4_2,Control,40,-0.08751358955133781
CMSS1,CMSS1_3,Control,50,-0.9849705595173998
ENPP1,ENPP1_2,Control,30,-2.1970715580957147
SLC5A3,SLC5A3_1,Control,50,-0.11717896468196189
TRIM22,TRIM22_3,Control,22,-0.24806372853245146
S100B,S100B_3,Control,58,-0.029764950149690127
EEA1,EEA1_1,Control,44,-0.8895451971613871
STOM,STOM_3,Control,45,-1.8460248149716731
CD59,CD59_3,Control,34,-0.26825957777642806
STX7,STX7_1,Control,50,-0.392793804036093
PET100,PET100_1,Control,29,-0.5203416792870561
CDKN2A,CDKN2A_2,Control,48,1.5985147177545653
LGALS3BP,LGALS3BP_3,Control,29,-1.2605198316851247
CGAS,CGAS_1,Control,42,-2.2091718043014175
CCND1,CCND1_1,Control,18,-1.8454665912399708
CDKN1A,CDKN1A_2,Control,48,0.0834342531023963
CITED1,CITED1_1,Control,49,-0.64416674141262
GAA,GAA_2,Control,36,-2.6300797429865774
ENPP1,ENPP1_3,Control,41,-0.6378250857258932
BZW2,BZW2_3,Control,41,-0.9507556753533223
GAA,GAA_1,Control,33,-0.864765748916285
PSAP,PSAP_3,Control,55,-0.1385380043009981
LAMP2,LAMP2_3,Control,55,-1.2891284051402354
RNF213,RNF213_1,Control,43,-0.42264452859151563
ISYNA1,ISYNA1_3,Control,41,-0.274087473963331
P2RX4,P2RX4_3,Control,20,-2.3815187065055534
IDI2-AS1,IDI2-AS1_1,Control,46,-0.1700208578456239
AHNAK,AHNAK_3,Control,36,-1.1052175324091387
LRPAP1,LRPAP1_2,Control,44,-2.0307868684141495
TXNDC17,TXNDC17_2,Control,39,-1.0074266698476844
SEC11C,SEC11C_1,Control,46,-0.7526517425065867
TP53,TP53_1,Control,35,-1.4708712022617154
GPNMB,GPNMB_1,Control,54,-1.3608389654998903
SMAD4,SMAD4_2,Control,42,-1.4103957718314886
NT5E,NT5E_1,Control,45,-0.991637259022483
CD63,CD63_1,Control,35,-1.6355420768950124
CDK4,CDK4_1,Control,32,-0.9341800503782268
CD47,CD47_3,Control,74,-1.6767547401474792
ACTA2,ACTA2_2,Control,58,-1.1837045590059894
RRS1,RRS1_2,Control,14,-0.6133865784077335
FOS,FOS_2,Control,34,-0.876890577223051
CKS1B,CKS1B_3,Control,43,-1.4224013870913275
IFNGR2,IFNGR2_2,Control,64,-1.0832110793584657
DAG1,DAG1_1,Control,27,-0.6397968600200516
CD274,CD274_3,Control,40,-0.11885323712553629
MC1R,MC1R_2,Control,56,-0.2161235249850601
CDKN2B,CDKN2B_2,Control,60,-0.37111875353161056
CSPG4,CSPG4_1,Control,56,-0.39252282155914076
CHCHD2,CHCHD2_1,Control,43,-0.6902206012394877
LINC00518,LINC00518_1,Control,48,-0.029764950149690127
DDX39A,DDX39A_3,Control,25,-1.4077799693901518
SLC19A1,SLC19A1_2,Control,33,-0.4276668333361294
HNRNPA1,HNRNPA1_1,Control,37,-1.1430155133977744
AEBP1,AEBP1_3,Control,48,-1.7318248877997666
APOE,APOE_2,Control,48,-1.9930147131233538
SLC25A13,SLC25A13_3,Control,42,-1.337056825580416
CDC123,CDC123_2,Control,31,0.06797949912493588
STAT3,STAT3_3,Control,31,-0.821835255735828
ISYNA1,ISYNA1_2,Control,28,-0.303645110364507
C1QBP,C1QBP_2,Control,27,-2.2616132256328094
IDI2-AS1,IDI2-AS1_2,Control,42,2.7086443769561073
EVA1A,EVA1A_2,Control,37,0.335848754275907
TIMP2,TIMP2_1,Control,44,-1.3567227229624015
CCR10,CCR10_2,Control,51,1.5724945811042215
ARMC6,ARMC6_2,Control,38,0.17096490572816303
AGA,AGA_2,Control,48,-2.4685934856503247
SHMT2,SHMT2_1,Control,32,-0.9492349203730045
CDKN2B,CDKN2B_3,Control,26,-0.7009714594006833
HLA-F,HLA-F_3,Control,39,-1.0608583658317594
FOS,FOS_3,Control,49,-1.341851028918838
ITGA3,ITGA3_3,Control,41,-0.29411931793407936
SLC26A2,SLC26A2_1,Control,45,-0.06355091530946212
VAT1,VAT1_2,Control,46,-0.938622308262891
CD151,CD151_2,Control,40,-0.5744280081289416
ST6GALNAC2,ST6GALNAC2_1,Control,44,-0.1965070114258328
BZW2,BZW2_1,Control,52,-2.2115470289384076
MC1R,MC1R_3,Control,36,0.1641596484221042
EEA1,EEA1_2,Control,35,-0.5940799917545956
UQCRFS1,UQCRFS1_1,Control,39,-0.967486886701824
CD151,CD151_3,Control,42,-0.21803668538990517
XAGE1A,XAGE1A_3,Control,33,-0.29784138881359057
PTMA,PTMA_2,Control,30,-1.2230726670531662
CORO1A,CORO1A_2,Control,42,-0.6044958131598204
CDKN2B,CDKN2B_1,Control,48,-0.3574784664997295
LGALS3,LGALS3_3,Control,42,-1.4453641319072492
SERPINA3,SERPINA3_1,Control,49,-0.029764950149690127
SPINT1,SPINT1_2,Control,49,0.565286063545377
IRF4,IRF4_2,Control,39,0.0
PSAP,PSAP_2,Control,63,-0.9981142760312777
STAT1,STAT1_2,Control,38,-1.4692002820532206
CMSS1,CMSS1_1,Control,43,-2.6725274713591753
CD47,CD47_1,Control,33,-2.0125646173661615
SMAD3,SMAD3_3,Control,46,-0.31562612112901817
C19orf48,C19orf48_3,Control,54,0.029081415053461457
NOLC1,NOLC1_1,Control,15,-0.4221567459542809
KLF4,KLF4_2,Control,40,-2.157173555857635
FBXO32,FBXO32_3,Control,27,-1.5713955829420905
SLC25A13,SLC25A13_1,Control,51,0.031729936355624135
TPP1,TPP1_1,Control,48,-0.5384634294020965
SERPINF1,SERPINF1_2,Control,39,-0.1700208578456239
ACSL3,ACSL3_1,Control,24,-0.9277498830970881
PTMA,PTMA_1,Control,46,-1.478033685619753
HLA-C,HLA-C_3,Control,29,-2.3017436696380815
FBL,FBL_2,Control,12,-0.26509776031445903
MFGE8,MFGE8_2,Control,63,-0.44886480377290916
PPIA,PPIA_1,Control,55,-0.4043152618304901
ST6GALNAC2,ST6GALNAC2_3,Control,26,-0.1965070114258328
CTSD,CTSD_3,Control,65,-2.0346871725491247
ACTA2,ACTA2_3,Control,47,-1.1837045590059894
TMEM173,TMEM173_3,Control,37,0.556638722767466
CTSD,CTSD_2,Control,55,-1.877765417240817
CHCHD2,CHCHD2_2,Control,64,-0.8926106046977711
PYGB,PYGB_1,Control,45,-1.3683859268653134
NEAT1,NEAT1_3,Control,30,-0.3178889499632391
RAB27A,RAB27A_2,Control,49,-0.413035193555013
NSG1,NSG1_1,Control,52,-1.9234672011275629
MRPL47,MRPL47_3,Control,21,-1.3949582487559
NME1,NME1_3,Control,30,-0.6233028065635642
SOX4,SOX4_1,Control,50,-0.5891406079877807
CD274,CD274_1,Control,44,-1.076565121743873
FOXM1,FOXM1_3,Control,26,-1.2360104030580983
FGFR1,FGFR1_2,Control,43,-1.464438718847891
PET100,PET100_2,Control,20,-1.1183633986446566
IFNGR2,IFNGR2_3,Control,35,-0.5679186374941537
PROS1,PROS1_3,Control,30,-0.18242763263817682
TM4SF1,TM4SF1_2,Control,36,-0.08686649988673079
RB1,RB1_3,Control,44,-1.5856823409903642
ATP5MD,ATP5MD_1,Control,53,-0.6748568118525524
WBP2,WBP2_3,Control,36,-0.1975177848616624
NPC1,NPC1_1,Control,41,-1.211422050383596
SERPINE2,SERPINE2_1,Control,35,-1.308860500420704
E2F1,E2F1_3,Control,27,-0.9871768935830315
A2M,A2M_2,Control,48,-0.029764950149690127
SP100,SP100_2,Control,54,-1.4496740833090949
CDH19,CDH19_3,Control,43,0.0
HNRNPC,HNRNPC_2,Control,36,-0.049578778138886136
NME1,NME1_2,Control,52,-0.6887912949127165
UQCRFS1,UQCRFS1_3,Control,31,-1.1499474198136264
CYP27A1,CYP27A1_2,Control,54,-0.3052733404406727
KLF4,KLF4_3,Control,45,1.154797240323289
SCARB2,SCARB2_1,Control,37,-2.3434215096184015
APOE,APOE_3,Control,54,-0.2753503137040906
FRZB,FRZB_3,Control,19,4.983745325627291
CTSA,CTSA_2,Control,52,-0.8621935355331466
MT2A,MT2A_3,Control,28,-1.1134427876017823
TTLL1,TTLL1_2,Control,32,0.7569402932082885
PPIA,PPIA_3,Control,43,-0.10496005018790959
VDAC2,VDAC2_1,Control,53,-1.9164966376416734
SERPINA3,SERPINA3_2,Control,37,-0.029764950149690127
DDX39A,DDX39A_2,Control,25,-0.7931731813678718
ILF2,ILF2_3,Control,17,-0.33129324204014327
PPA1,PPA1_1,Control,11,-0.25539896143803353
CDKN2A,CDKN2A_1,Control,30,-0.0379386602231084
DDX17,DDX17_3,Control,35,-1.0126841074395776
SLIRP,SLIRP_3,Control,51,-0.5220706812951528
DDX17,DDX17_1,Control,25,-0.7701237564470953
GPATCH4,GPATCH4_3,Control,23,-1.28133547129726
TPRKB,TPRKB_2,Control,28,-0.05412397866734317
MT2A,MT2A_1,Control,32,-1.0512254611998406
TGFB1,TGFB1_1,Control,40,-2.311687880313064
TRIM22,TRIM22_2,Control,41,1.264571273492325
NT5E,NT5E_2,Control,64,-0.3575787663368466
TP53,TP53_2,Control,52,-0.1732227466260557
LCP1,LCP1_2,Control,56,-2.0006469071591586
KDR,KDR_3,Control,42,-0.6821489300438655
MFGE8,MFGE8_3,Control,60,-0.6011416521183351
GRN,GRN_1,Control,38,-1.639380137957645
HNRNPA1,HNRNPA1_3,Control,28,-0.8930538001935947
MDH2,MDH2_1,Control,43,-1.0742883722159648
CSPG4,CSPG4_3,Control,44,-0.39252282155914076
MIA,MIA_1,Control,31,-1.2610301003486184
RNASEH2A,RNASEH2A_1,Control,29,-1.5241245004700246
EIF3K,EIF3K_3,Control,24,-0.23993175660704344
C19orf48,C19orf48_2,Control,27,0.12295758717458405
UBC,UBC_3,Control,30,1.4709918096269385
A2M,A2M_1,Control,45,-0.029764950149690127
HASPIN,HASPIN_1,Control,23,0.0652692857621987
PAICS,PAICS_2,Control,15,-1.0427813825196863
TIMP3,TIMP3_1,Control,31,-0.3267778101755012
S100A6,S100A6_2,Control,30,-1.3930440502885972
STAT1,STAT1_3,Control,32,-1.6952567311680127
LGALS3BP,LGALS3BP_1,Control,59,-0.686650123218662
BOLA2,BOLA2_3,Control,41,-0.14303934176240313
KCNN4,KCNN4_1,Control,34,-1.858857695700615
DAG1,DAG1_3,Control,47,-0.2736361335899655
PFN1,PFN1_3,Control,19,-0.09839016872551228
ST3GAL6-AS1,ST3GAL6-AS1_3,Control,56,0.5785588325187822
IRF4,IRF4_1,Control,48,0.0
SP100,SP100_1,Control,41,-1.1652743629537048
HLA-B,HLA-B_1,Control,54,-0.7670742538966414
CORO1A,CORO1A_3,Control,50,1.1283044921289984
CKS1B,CKS1B_2,Control,49,-1.0189053258565994
ATP1B1,ATP1B1_3,Control,53,-1.7300720941131749
CYP27A1,CYP27A1_1,Control,51,-1.6152907536277168
NCL,NCL_3,Control,22,-0.5675436426425414
PABPC1,PABPC1_3,Control,19,-0.3782682145721918
SDC3,SDC3_3,Control,39,-0.6686724188154575
TFAP2A,TFAP2A_3,Control,44,-0.30745585710278595
NONO,NONO_2,Control,31,-2.3392164256753087
ARMC6,ARMC6_1,Control,39,-1.9473118970367502
SINHCAF,SINHCAF_3,Control,16,-0.6014882292379098
PUF60,PUF60_2,Control,15,0.2444677730199234
HLA-DRB5,HLA-DRB5_1,Control,69,0.0
SEC11C,SEC11C_2,Control,49,-1.1968629314665502
S100A6,S100A6_1,Control,44,-0.6773286388432083
SLC19A1,SLC19A1_1,Control,20,-1.0248830675457559
ATP5MD,ATP5MD_2,Control,28,-0.4077080084954433
CCT3,CCT3_2,Control,13,-0.5070223658844373
CORO1A,CORO1A_1,Control,44,-1.9625731019456414
BZW2,BZW2_2,Control,40,-0.8302187683928991
NT5E,NT5E_3,Control,68,-0.12890676275934923
ATP1B1,ATP1B1_2,Control,53,-0.3769169833467742
KCNN4,KCNN4_2,Control,35,-0.7855893874660483
MRPL47,MRPL47_2,Control,27,-1.5243969498329155
TAPBP,TAPBP_3,Control,37,-1.3501540314522456
STOM,STOM_1,Control,44,-0.3398960650508793
GPATCH4,GPATCH4_2,Control,36,-1.0257561609678607
TIMP3,TIMP3_2,Control,31,-1.6511428953617975
RB1,RB1_1,Control,62,-1.4672056321918803
DAG1,DAG1_2,Control,44,-1.0696020962961172
SDCBP,SDCBP_1,Control,58,-1.1380920701872739
FMN1,FMN1_1,Control,45,-1.0330290830173379
CTSB,CTSB_2,Control,50,-1.932421405323425
TIMP2,TIMP2_3,Control,38,-0.7608103431106172
CDK6,CDK6_3,Control,14,-1.5483475460981315
LRPAP1,LRPAP1_1,Control,46,-1.6732740830538857
SHMT2,SHMT2_3,Control,54,-0.926967472768095
CTSL,CTSL_3,Control,38,-1.3844864982232374
NGFR,NGFR_3,Control,28,-0.05892819809246811
ISYNA1,ISYNA1_1,Control,37,-0.6632964233999529
ROMO1,ROMO1_3,Control,11,-0.13265081970655224
DLL3,DLL3_2,Control,41,-0.16538745065936716
PSMB8-AS1,PSMB8-AS1_1,Control,42,-1.2228853292900628
CTSL,CTSL_1,Control,56,-1.0804129122234127
SINHCAF,SINHCAF_2,Control,24,-0.39635861338222594
SLC26A2,SLC26A2_2,Control,41,-1.1679484211641384
GPNMB,GPNMB_3,Control,30,-2.6105155740503867
APOD,APOD_1,Control,30,-0.1700208578456239
CGAS,CGAS_3,Control,42,-1.5308729458013868
LCP1,LCP1_1,Control,55,-0.6346571775618343
SMAD4,SMAD4_3,Control,41,-1.4996846890420463
ATP5MD,ATP5MD_3,Control,64,-0.6069589265241452
SSR2,SSR2_1,Control,27,-1.0059770312649488
ACSL3,ACSL3_2,Control,25,-0.2744391066892073
LAMP2,LAMP2_1,Control,46,-1.0048245124228823
LGALS3BP,LGALS3BP_2,Control,33,-0.8145999826154415
UQCRH,UQCRH_3,Control,25,-0.2816083288571492
CCND2,CCND2_2,Control,30,-0.08751358955133781
GPI,GPI_2,Control,10,-1.0921117022582034
PAICS,PAICS_3,Control,20,-1.592587224097781
NOLC1,NOLC1_2,Control,10,-0.6675694351128761
CXCR4,CXCR4_3,Control,24,-0.08751358955133781
GRN,GRN_3,Control,28,-1.3116842046914157
CD47,CD47_2,Control,23,-0.09553028312083292
FRZB,FRZB_2,Control,44,0.9448723155149529
TRIM22,TRIM22_1,Control,43,-0.24806372853245146
WBP2,WBP2_1,Control,49,-1.0003606007404695
ROMO1,ROMO1_2,Control,15,-0.5622103146601686
EMP1,EMP1_1,Control,47,-0.280465971727888
FOS,FOS_1,Control,36,-2.7908147452622
CST3,CST3_3,Control,19,-1.499989569930834
APOD,APOD_2,Control,41,-0.1700208578456239
SMAD3,SMAD3_2,Control,58,-0.7588080032809693
CTPS1,CTPS1_2,Control,27,-0.7897593099601463
SLIRP,SLIRP_1,Control,22,-0.6460857518127125
PET100,PET100_3,Control,20,-0.2470704874211486
HLA-C,HLA-C_2,Control,20,-1.9973221549727183
TOP1MT,TOP1MT_2,Control,38,-0.6226593935361202
TIMP2,TIMP2_2,Control,22,-0.9251544487880721
CCT3,CCT3_3,Control,11,-1.3047019726315574
ATP1B1,ATP1B1_1,Control,53,-1.6449874325232876
IRF4,IRF4_3,Control,16,0.0
HSPA1A,HSPA1A_1,Control,52,-0.7567389313024298
EVA1A,EVA1A_1,Control,34,-0.12792968253044223
CKS1B,CKS1B_1,Control,41,-1.3630781993805543
XAGE1A,XAGE1A_1,Control,40,-0.29784138881359057
CTSA,CTSA_1,Control,59,-1.3972200477268342
EIF4A1,EIF4A1_1,Control,15,-0.8854302650221585
SNRPG,SNRPG_2,Control,13,-0.34438894474335513
ST3GAL6-AS1,ST3GAL6-AS1_1,Control,17,-0.64416674141262
PABPC1,PABPC1_1,Control,18,-1.1074167733350286
SAE1,SAE1_1,Control,10,0.4299796479484985
CHCHD2,CHCHD2_3,Control,33,-0.821792467626984
TIMM50,TIMM50_1,Control,19,-0.6674892548034296
MYC,MYC_2,Control,11,0.46632848189617077
CCND2,CCND2_3,Control,32,-0.08751358955133781
SPINT1,SPINT1_1,Control,34,-0.8583676871539971
HASPIN,HASPIN_3,Control,24,-1.9779234086330928
EEA1,EEA1_3,Control,28,-0.6877657269620989
CTPS1,CTPS1_1,Control,12,-0.658432480249343
TIMP1,TIMP1_1,Control,53,-0.14910173737321597
CDK6,CDK6_2,Control,16,-1.9773706829007953
NPC1,NPC1_3,Control,44,-0.021170901213467687
UBC,UBC_1,Control,25,0.6998673475583854
S100B,S100B_1,Control,40,2.368165486920645
DNMT1,DNMT1_1,Control,25,-0.8984977905740988
FRZB,FRZB_1,Control,50,-1.1159416929533652
SERPINA3,SERPINA3_3,Control,26,-0.029764950149690127
PRELID3B,PRELID3B_2,Control,15,-1.119639272542403
SGK1,SGK1_1,Control,28,-0.5787582855600726
NPC2,NPC2_1,Control,36,-0.4021541737024892
LAMP2,LAMP2_2,Control,47,-1.3152730565798245
NDUFA13,NDUFA13_3,Control,31,-0.686575285919294
LRPAP1,LRPAP1_3,Control,32,-1.686569720850545
MT2A,MT2A_2,Control,35,-0.37450495052136196
BOLA2B,BOLA2B_2,Control,26,-2.4872084785609037
ACSL3,ACSL3_3,Control,23,-0.6592457041032385
SLC19A1,SLC19A1_3,Control,34,-0.10192815887082597
PFDN4,PFDN4_2,Control,24,-0.5357822469424328
TIMM50,TIMM50_2,Control,11,0.005093323023345139
LY96,LY96_2,Control,39,-1.2859109223627359
DDR1,DDR1_2,Control,37,-0.46280145855879373
TMED10,TMED10_1,Control,13,-0.5643461763299193
RNF213,RNF213_3,Control,41,-0.283832048494829
FKBP4,FKBP4_1,Control,28,-1.8161908473973298
HLA-E,HLA-E_1,Control,32,-0.6059657712287528
STAT1,STAT1_1,Control,40,-0.9274003618254502
SMAD4,SMAD4_1,Control,52,-2.949708709028463
CDK6,CDK6_1,Control,21,-0.44103138286817894
STAT3,STAT3_1,Control,36,-2.2748227202099893
GSEC,GSEC_3,Control,20,-0.6545620163879843
LY96,LY96_3,Control,22,-1.2859109223627359
NDUFA13,NDUFA13_2,Control,20,-1.3176823182332973
SLC25A13,SLC25A13_2,Control,24,-1.2901565190969335
C6orf226,C6orf226_2,Control,36,-3.833691984615454
BOLA2B,BOLA2B_1,Control,24,0.45934797077750106
P2RX4,P2RX4_1,Control,18,-2.3815187065055534
SINHCAF,SINHCAF_1,Control,15,-0.32585159934695146
SAE1,SAE1_3,Control,10,-0.35524279164544703
HLA-B,HLA-B_3,Control,19,-0.15372281181652545
SET,SET_3,Control,14,-2.5771152496301233
PFN1,PFN1_2,Control,21,-1.0186468560166961
CST3,CST3_1,Control,24,-1.0722913995314318
TMED10,TMED10_2,Control,11,-1.4498186627692822
UQCRH,UQCRH_2,Control,18,-0.8491745516196992
PAICS,PAICS_1,Control,13,-1.0253747294179705
HLA-DRB5,HLA-DRB5_3,Control,17,0.0
HASPIN,HASPIN_2,Control,13,1.822988376595428
RNASEH2A,RNASEH2A_2,Control,21,-1.5241245004700246
UQCRFS1,UQCRFS1_2,Control,10,-0.6344702049050277
MYC,MYC_3,Control,11,-0.2169941874880371
CSPG4,CSPG4_3,IFNγ,77,-0.2538665588497201
STAT3,STAT3_2,IFNγ,90,-0.8019376359560298
EMP1,EMP1_3,IFNγ,79,-0.12947275499446276
STAT1,STAT1_2,IFNγ,61,-1.8682949934271178
SLC5A3,SLC5A3_2,IFNγ,76,-0.26466442240707916
CYP27A1,CYP27A1_2,IFNγ,75,-1.3142419123102576
GSEC,GSEC_3,IFNγ,24,0.36793726095882684
E2F1,E2F1_3,IFNγ,67,-0.6903821940756275
CKS1B,CKS1B_2,IFNγ,94,-1.4147318791175707
C19orf48,C19orf48_1,IFNγ,97,-0.43471671301536996
CTPS1,CTPS1_1,IFNγ,30,-0.5168482216770381
BZW2,BZW2_2,IFNγ,77,-1.1120626377998064
NMRK1,NMRK1_2,IFNγ,72,-0.16860632989146135
LGALS3BP,LGALS3BP_1,IFNγ,98,-0.38407278026446967
RTP4,RTP4_2,IFNγ,95,0.3144827612879955
NSG1,NSG1_2,IFNγ,59,0.06328040526593773
CTSD,CTSD_3,IFNγ,97,-1.6144087767917596
SLC26A2,SLC26A2_1,IFNγ,62,-0.44366792319684945
GAA,GAA_2,IFNγ,65,-0.3455777949512189
SLC26A2,SLC26A2_2,IFNγ,74,-0.8066075629932887
SPESP1,SPESP1_1,IFNγ,61,0.22854389368486802
TMEM173,TMEM173_2,IFNγ,71,-1.4177669419274066
CDK6,CDK6_2,IFNγ,27,-1.296284022485205
IRF4,IRF4_1,IFNγ,60,-0.02501572118420657
SLIRP,SLIRP_2,IFNγ,47,-0.34616338806990316
CDKN1A,CDKN1A_2,IFNγ,78,0.2012168922453095
SLC25A13,SLC25A13_1,IFNγ,103,-0.17236379368687565
SMAD4,SMAD4_2,IFNγ,68,-0.7368057659608214
PTMA,PTMA_1,IFNγ,55,-1.8432629999824564
SAT1,SAT1_3,IFNγ,47,0.6737662518493088
TGFB1,TGFB1_3,IFNγ,75,-2.2683963673945726
S100B,S100B_3,IFNγ,102,-0.07378231726870879
ACSL3,ACSL3_3,IFNγ,36,-0.9847015509857747
LAMP2,LAMP2_2,IFNγ,85,-1.0699598863821311
IFNGR2,IFNGR2_2,IFNγ,106,-0.9108106807391101
PET100,PET100_1,IFNγ,43,-0.6867000773071841
FMN1,FMN1_3,IFNγ,124,0.20764645714091132
STAT1,STAT1_1,IFNγ,66,-2.1009795531805397
CORO1A,CORO1A_3,IFNγ,68,-0.13611182773464311
SGK1,SGK1_3,IFNγ,78,-0.0920575731872432
CDK4,CDK4_3,IFNγ,84,-1.2141938611592833
STX7,STX7_2,IFNγ,81,-0.24665488652064113
CHCHD2,CHCHD2_1,IFNγ,78,-0.7963587475363907
CCND2,CCND2_1,IFNγ,77,0.0
GAA,GAA_1,IFNγ,66,-2.4989011873493117
BOLA2,BOLA2_3,IFNγ,59,-0.0975610685547275
JMJD7,JMJD7_1,IFNγ,106,0.0
FOXM1,FOXM1_3,IFNγ,39,-0.5726388103275258
PYGB,PYGB_2,IFNγ,35,-0.6025206428282802
IDI2-AS1,IDI2-AS1_1,IFNγ,79,-0.04960506308996055
NCL,NCL_3,IFNγ,31,-0.6219529938735008
SLC22A18,SLC22A18_2,IFNγ,111,-1.5484746773710851
TFAP2A,TFAP2A_3,IFNγ,69,-0.5540801872345583
CGAS,CGAS_2,IFNγ,72,-0.45977409452429613
ITGA3,ITGA3_2,IFNγ,75,-1.3112711961889292
AHNAK,AHNAK_2,IFNγ,84,-1.1160061054810677
VAT1,VAT1_2,IFNγ,48,-1.0272449652927893
C19orf48,C19orf48_3,IFNγ,95,-0.25254359843958424
EVA1A,EVA1A_2,IFNγ,58,-0.3262517671233707
CD47,CD47_1,IFNγ,83,-0.8857730151244281
ITGA3,ITGA3_1,IFNγ,72,-1.1191679997470971
DAG1,DAG1_1,IFNγ,49,-0.8939124901425274
NGFR,NGFR_3,IFNγ,39,-0.18894047379150988
SDCBP,SDCBP_2,IFNγ,73,-2.0697658944713817
DAG1,DAG1_3,IFNγ,72,-0.7776001262528407
TFAP2A,TFAP2A_1,IFNγ,68,-0.7316264564240597
TRIM22,TRIM22_2,IFNγ,73,-0.4691736480892488
S100B,S100B_2,IFNγ,58,2.0482477559391294
APOD,APOD_3,IFNγ,88,-0.12095424090673641
TP53,TP53_1,IFNγ,80,-0.4665970825719345
TIMP1,TIMP1_3,IFNγ,76,-2.1197554967603867
PYGB,PYGB_1,IFNγ,77,-0.8745227441453357
NONO,NONO_2,IFNγ,48,-1.5785119099901068
MFGE8,MFGE8_3,IFNγ,108,-0.7849366772631169
VDAC2,VDAC2_1,IFNγ,83,-2.0256859332060917
GRN,GRN_1,IFNγ,85,-1.2539749488302399
PFN1,PFN1_3,IFNγ,31,-0.28027929552761266
LINC00518,LINC00518_2,IFNγ,74,-0.04960506308996055
SCARB2,SCARB2_1,IFNγ,57,-1.5145805457482806
DLL3,DLL3_3,IFNγ,91,-0.21783061191875638
CGAS,CGAS_3,IFNγ,72,-1.7467873715634494
IRF4,IRF4_3,IFNγ,52,-0.02501572118420657
HLA-A,HLA-A_3,IFNγ,103,-0.08823414324768
TXNDC17,TXNDC17_1,IFNγ,59,-0.5806597408374702
CORO1A,CORO1A_1,IFNγ,81,-1.4680977773090385
HSPA1A,HSPA1A_1,IFNγ,64,-1.335047757001711
NT5E,NT5E_3,IFNγ,95,-0.7865489840506016
CTSB,CTSB_3,IFNγ,73,-1.2786966249062883
AHNAK,AHNAK_1,IFNγ,58,-0.35420561801459466
TFAP2A,TFAP2A_2,IFNγ,81,0.10347860693320081
CD59,CD59_1,IFNγ,88,-1.2733647876750565
CDKN2B,CDKN2B_2,IFNγ,101,0.6341524373754666
EIF3K,EIF3K_2,IFNγ,69,-1.0586357871246659
TPP1,TPP1_2,IFNγ,85,-0.8099775312948686
HASPIN,HASPIN_1,IFNγ,46,-1.7339068867054006
SPESP1,SPESP1_3,IFNγ,94,0.09831938105336567
GAA,GAA_3,IFNγ,80,-0.0806912100700218
DDX17,DDX17_2,IFNγ,70,-0.2751819371130358
LY96,LY96_1,IFNγ,108,-0.9406582097389184
PABPC1,PABPC1_1,IFNγ,24,-0.6861591092328022
IDI2-AS1,IDI2-AS1_3,IFNγ,88,-0.04960506308996055
EEA1,EEA1_2,IFNγ,58,-0.523693556435074
SLC22A18,SLC22A18_1,IFNγ,119,-0.5171505782050119
SLC25A13,SLC25A13_2,IFNγ,62,-1.1491667176780573
IRF3,IRF3_3,IFNγ,66,-0.4347844706504283
FSTL3,FSTL3_3,IFNγ,69,-0.7319766691454456
TRIM22,TRIM22_1,IFNγ,52,-2.44009826146399
ACTA2,ACTA2_1,IFNγ,88,-1.4680977773090385
JPT1,JPT1_1,IFNγ,53,-2.1264950367660513
LAMP2,LAMP2_3,IFNγ,68,-2.037447114728765
CDKN2A,CDKN2A_2,IFNγ,101,1.8714359837453023
PET100,PET100_3,IFNγ,36,-0.30598868252939465
MC1R,MC1R_2,IFNγ,81,0.5279377999838396
GSEC,GSEC_1,IFNγ,46,0.42902076328158745
CDH19,CDH19_3,IFNγ,65,-0.02501572118420657
TIMP1,TIMP1_2,IFNγ,62,-0.5442749686015209
ST6GALNAC2,ST6GALNAC2_1,IFNγ,69,-0.14397413959181968
PYGB,PYGB_3,IFNγ,65,-1.5003895356526553
TIMP3,TIMP3_1,IFNγ,52,-1.1251181079308703
S100A6,S100A6_2,IFNγ,49,-1.0283968997002668
UQCRH,UQCRH_2,IFNγ,28,-0.7709472417009307
DNMT1,DNMT1_3,IFNγ,24,-0.5462406834077722
GPNMB,GPNMB_3,IFNγ,44,-1.7933548766626228
C6orf226,C6orf226_1,IFNγ,60,-0.984316027997561
FKBP4,FKBP4_3,IFNγ,60,-1.7745600596059397
CMSS1,CMSS1_3,IFNγ,96,-1.6778466011634863
NME1,NME1_1,IFNγ,59,-0.5456976349645983
RBP7,RBP7_2,IFNγ,83,-0.29558214076599176
NOLC1,NOLC1_3,IFNγ,39,-1.148342678402672
TXNDC17,TXNDC17_3,IFNγ,82,-1.7655292956738986
CTSA,CTSA_3,IFNγ,67,-1.812050022645254
ATP1B1,ATP1B1_2,IFNγ,90,-0.6292784382594344
ENPP1,ENPP1_1,IFNγ,112,-1.0748901125516461
TXNDC17,TXNDC17_2,IFNγ,60,-0.9797914657131236
TTLL1,TTLL1_2,IFNγ,58,-1.2198960036669564
CD63,CD63_2,IFNγ,55,-1.8601826735089357
S100A6,S100A6_3,IFNγ,90,-0.5205180465150943
ST6GALNAC2,ST6GALNAC2_2,IFNγ,82,-0.14397413959181968
PTMA,PTMA_3,IFNγ,62,-1.0862758493750841
LRPAP1,LRPAP1_2,IFNγ,109,-1.532475294193548
CDC123,CDC123_2,IFNγ,66,-0.14179451734338744
NOLC1,NOLC1_2,IFNγ,20,-0.11075835012717018
RB1,RB1_3,IFNγ,74,-2.317913870096635
SAT1,SAT1_1,IFNγ,78,0.3262445786171065
KDR,KDR_1,IFNγ,88,-1.9254392243389358
CD47,CD47_2,IFNγ,48,-0.8823349696182683
C6orf226,C6orf226_3,IFNγ,62,-0.6082746064527115
CHCHD2,CHCHD2_2,IFNγ,105,-0.8966872457616291
TSC22D3,TSC22D3_3,IFNγ,81,-0.3850048815620614
HLA-F,HLA-F_2,IFNγ,80,-0.6132790522860172
TM4SF1,TM4SF1_2,IFNγ,56,-0.3203252054149557
JAK1,JAK1_3,IFNγ,62,-1.8513775010122027
A2M,A2M_2,IFNγ,79,-0.23254754358296692
FBXO32,FBXO32_2,IFNγ,88,-0.530030368288712
IDH2,IDH2_3,IFNγ,86,-3.3968301192116157
TAPBPL,TAPBPL_1,IFNγ,55,0.10983239405476682
NMRK1,NMRK1_3,IFNγ,74,-0.1764962102225454
FGFR1,FGFR1_2,IFNγ,80,-1.025486843925559
SMAD4,SMAD4_1,IFNγ,80,-0.5277496253348097
EEF1G,EEF1G_2,IFNγ,24,-1.5041280747052992
RB1,RB1_2,IFNγ,75,-0.44635134353141115
NEAT1,NEAT1_2,IFNγ,66,-0.493211754442513
HASPIN,HASPIN_3,IFNγ,34,0.9244903394031299
PFDN4,PFDN4_1,IFNγ,105,-0.08390607568176114
TPP1,TPP1_1,IFNγ,56,-2.4234993566657344
ACSL3,ACSL3_2,IFNγ,42,-1.817171739771961
CDK6,CDK6_1,IFNγ,41,-0.07402324693600039
UQCRFS1,UQCRFS1_1,IFNγ,50,-0.5740454020535587
TIMP1,TIMP1_1,IFNγ,67,-0.4940427277564976
SDC3,SDC3_3,IFNγ,82,-2.3234820672612546
RNASEH2A,RNASEH2A_1,IFNγ,51,-1.5988084511665301
NOLC1,NOLC1_1,IFNγ,22,-0.3329005882157754
FBXO32,FBXO32_1,IFNγ,88,-0.25892826302629474
CDKN2A,CDKN2A_3,IFNγ,57,0.15304419363237223
PFDN4,PFDN4_3,IFNγ,82,-0.14725251926159721
CD151,CD151_3,IFNγ,60,-0.43786623587277024
TIMM50,TIMM50_2,IFNγ,20,-1.1324291534522017
XAGE1A,XAGE1A_2,IFNγ,45,-0.12095424090673641
RB1,RB1_1,IFNγ,96,-1.2147107440661207
CD151,CD151_1,IFNγ,76,-1.3892593786850584
CCND1,CCND1_2,IFNγ,47,-0.7146684230625622
FOXM1,FOXM1_2,IFNγ,14,0.06795425075812714
MDH2,MDH2_3,IFNγ,52,-1.1132920159357378
ACTA2,ACTA2_3,IFNγ,95,-1.4680977773090385
XAGE1A,XAGE1A_1,IFNγ,58,-0.12095424090673641
RNF213,RNF213_1,IFNγ,67,-0.4745683039032169
DDX17,DDX17_1,IFNγ,37,-0.28157170378422
APOE,APOE_3,IFNγ,68,0.26158272903137475
CSPG4,CSPG4_2,IFNγ,87,-0.2538665588497201
CITED1,CITED1_1,IFNγ,75,-0.41394584804343737
HLA-C,HLA-C_3,IFNγ,53,-1.6941426961642376
CTSB,CTSB_1,IFNγ,70,-1.1367585666575408
BZW2,BZW2_1,IFNγ,57,-1.2859339646953654
LY96,LY96_3,IFNγ,56,-0.22323154106630863
GSN,GSN_3,IFNγ,61,-1.9536612488803375
EMP1,EMP1_2,IFNγ,66,-1.3887349435367426
PROS1,PROS1_2,IFNγ,58,-0.7077647826097149
RRS1,RRS1_1,IFNγ,27,-0.07794897173740237
MRPL47,MRPL47_2,IFNγ,55,-0.9648968539082388
ILF2,ILF2_2,IFNγ,14,-1.0790316530319988
ATP1B1,ATP1B1_1,IFNγ,81,-1.1443712312858458
CGAS,CGAS_1,IFNγ,88,-1.516614187573361
SLC26A2,SLC26A2_3,IFNγ,92,-1.4900081148555142
ISYNA1,ISYNA1_3,IFNγ,55,-0.6382613969078234
GPNMB,GPNMB_1,IFNγ,78,0.09584452570128436
SSR2,SSR2_2,IFNγ,72,-0.9059557759158886
CD274,CD274_1,IFNγ,84,-0.6405550355102793
NME1,NME1_3,IFNγ,63,-0.6905110817161433
C6orf226,C6orf226_2,IFNγ,88,-1.4912872913771171
SDCBP,SDCBP_3,IFNγ,73,-0.9106716380950672
FGFR1,FGFR1_3,IFNγ,104,-0.22010495979389003
CITED1,CITED1_2,IFNγ,66,-0.41394584804343737
CSPG4,CSPG4_1,IFNγ,112,-0.2538665588497201
PSMB8-AS1,PSMB8-AS1_2,IFNγ,72,-0.007623417316164831
PSMB8-AS1,PSMB8-AS1_1,IFNγ,72,-0.19677946714406752
NEAT1,NEAT1_1,IFNγ,68,0.030864508535932506
PPIA,PPIA_1,IFNγ,92,-0.5311650635050245
HSPA1A,HSPA1A_3,IFNγ,72,-1.6231554435046773
ST6GALNAC2,ST6GALNAC2_3,IFNγ,31,-0.14397413959181968
MFGE8,MFGE8_1,IFNγ,91,-0.94010086290442
SGK1,SGK1_2,IFNγ,67,-0.9146711205637585
SOX4,SOX4_1,IFNγ,64,-0.6410225502205533
IRF4,IRF4_2,IFNγ,74,-0.02501572118420657
MC1R,MC1R_1,IFNγ,84,0.23614094585671583
CYP27A1,CYP27A1_3,IFNγ,73,-1.3142419123102576
SPINT1,SPINT1_2,IFNγ,81,-0.5233305978562404
VDAC2,VDAC2_3,IFNγ,61,-1.4218294216215772
AEBP1,AEBP1_1,IFNγ,102,-2.786747765006525
CXCR4,CXCR4_3,IFNγ,51,-0.07378231726870879
LGALS3BP,LGALS3BP_2,IFNγ,31,-0.39310072165899235
JAK1,JAK1_2,IFNγ,95,-1.4095543226844216
TAPBP,TAPBP_3,IFNγ,67,-1.0621126720546294
HLA-A,HLA-A_2,IFNγ,77,-0.8491578618304194
DDR1,DDR1_2,IFNγ,68,-1.312445375576306
TSC22D3,TSC22D3_2,IFNγ,79,0.5106602445908335
ST3GAL6-AS1,ST3GAL6-AS1_1,IFNγ,31,-0.5407814340458382
FMN1,FMN1_2,IFNγ,84,-0.5846242153355347
SDC3,SDC3_1,IFNγ,94,-0.6456644304337905
GPATCH4,GPATCH4_3,IFNγ,32,-0.8315196193875716
P2RX4,P2RX4_3,IFNγ,32,0.7534645966402952
WBP2,WBP2_2,IFNγ,93,-0.724971095022954
FBXO32,FBXO32_3,IFNγ,56,-0.9255422119310104
IDH2,IDH2_1,IFNγ,68,-2.01833120039358
STOM,STOM_2,IFNγ,79,-1.7817922109093036
GSN,GSN_1,IFNγ,76,-0.9600488083421883
SINHCAF,SINHCAF_2,IFNγ,44,-0.5820231901345256
CTPS1,CTPS1_2,IFNγ,48,-0.760046054588057
DAG1,DAG1_2,IFNγ,64,-2.852221386080991
SERPINA3,SERPINA3_2,IFNγ,74,-0.04960506308996055
ATP5MD,ATP5MD_1,IFNγ,89,-0.3929489992383576
TIMM50,TIMM50_3,IFNγ,75,-0.6633651575280497
APOE,APOE_2,IFNγ,87,-1.6394926789582047
PTMA,PTMA_2,IFNγ,68,-1.6320572390591745
SHMT2,SHMT2_3,IFNγ,78,-0.13048195936309634
SLC5A3,SLC5A3_3,IFNγ,83,-0.22759171022380786
CTSL,CTSL_2,IFNγ,56,-1.4879414735819625
SAT1,SAT1_2,IFNγ,76,-0.01772383853071308
GPI,GPI_3,IFNγ,12,-0.5475769506686601
SDC3,SDC3_2,IFNγ,94,0.28946700939915243
TRIM22,TRIM22_3,IFNγ,45,-0.23297822491584103
SERPINF1,SERPINF1_1,IFNγ,97,-0.18894047379150988
CD58,CD58_3,IFNγ,61,-1.0241585520245264
PUF60,PUF60_3,IFNγ,50,-1.1786596875370745
MDH2,MDH2_2,IFNγ,58,-0.9518262683139216
SMAD3,SMAD3_3,IFNγ,75,-0.4335689694874191
CDK6,CDK6_3,IFNγ,30,-1.2459268100962997
LY96,LY96_2,IFNγ,69,-1.0832860846916623
KLF4,KLF4_2,IFNγ,59,0.4002750194733334
SP100,SP100_2,IFNγ,71,-0.8603835678236395
LCP1,LCP1_3,IFNγ,77,-0.632243137297605
LCP1,LCP1_2,IFNγ,111,-1.932067045478103
GSEC,GSEC_2,IFNγ,98,-0.2810223238614681
MC1R,MC1R_3,IFNγ,54,0.4856761168281099
STX7,STX7_1,IFNγ,71,-1.3606559375655867
LRPAP1,LRPAP1_3,IFNγ,83,-1.1006392218857237
PPA1,PPA1_2,IFNγ,13,-1.323243621343979
CDK4,CDK4_1,IFNγ,63,-1.215866391072023
BOLA2,BOLA2_2,IFNγ,36,-0.0975610685547275
HLA-DRB5,HLA-DRB5_1,IFNγ,87,-0.07378231726870879
CCND1,CCND1_1,IFNγ,35,-1.9022696185691648
LAMP2,LAMP2_1,IFNγ,76,-0.9008068689175205
HLA-C,HLA-C_2,IFNγ,25,-1.7870864011217815
IFNGR1,IFNGR1_1,IFNγ,70,-1.7651400302075488
DNMT1,DNMT1_1,IFNγ,35,-0.9378242524354249
TM4SF1,TM4SF1_3,IFNγ,58,-0.6205658118372744
KLF4,KLF4_3,IFNγ,80,-0.6474588409398543
LRPAP1,LRPAP1_1,IFNγ,60,-2.29618966632005
HNRNPA1,HNRNPA1_2,IFNγ,65,-0.5144402334072177
LGALS3,LGALS3_1,IFNγ,62,-1.153255675807654
CTSL,CTSL_3,IFNγ,69,-1.3830233584108356
ATP5MD,ATP5MD_3,IFNγ,103,-0.889868247864875
CDKN2A,CDKN2A_1,IFNγ,57,0.2828077251305904
WBP2,WBP2_1,IFNγ,81,-0.7457385961224285
TGFB1,TGFB1_2,IFNγ,104,-2.32053716333649
KCNN4,KCNN4_3,IFNγ,104,-0.8440961125037881
JPT1,JPT1_2,IFNγ,16,0.0562949714930748
SOX4,SOX4_2,IFNγ,65,-0.027673777097109553
PET100,PET100_2,IFNγ,33,-0.16301997020404005
TIMP2,TIMP2_3,IFNγ,40,-0.4536450078012394
RPSA,RPSA_3,IFNγ,114,-0.2842485077766696
POLD2,POLD2_2,IFNγ,27,-1.2205522473300756
CCND1,CCND1_3,IFNγ,58,-0.963738837124858
IDH2,IDH2_2,IFNγ,73,-0.3705387225999628
JMJD7,JMJD7_3,IFNγ,66,0.0
NMRK1,NMRK1_1,IFNγ,65,-0.26225190889716143
FSTL3,FSTL3_1,IFNγ,104,-0.47201355035150544
NGFR,NGFR_2,IFNγ,78,-0.18894047379150988
TOP1MT,TOP1MT_2,IFNγ,55,-0.06653689955078801
SMAD4,SMAD4_3,IFNγ,98,-0.8905478364351267
EEA1,EEA1_3,IFNγ,43,-0.9367261095006473
JAK2,JAK2_1,IFNγ,75,-1.4385934355763428
STOM,STOM_1,IFNγ,95,-1.021898976493833
FOS,FOS_2,IFNγ,49,0.08795725590216613
SCARB2,SCARB2_2,IFNγ,58,-1.1264362134385708
TIMM50,TIMM50_1,IFNγ,21,-1.6940828729383308
TAPBPL,TAPBPL_3,IFNγ,70,-0.84107772558508
PROS1,PROS1_1,IFNγ,50,-1.6484919404713416
CCR10,CCR10_3,IFNγ,89,1.4864828782744361
ATP5MD,ATP5MD_2,IFNγ,49,-0.4723604104449291
EEF1G,EEF1G_3,IFNγ,10,-1.5041280747052992
NPC1,NPC1_3,IFNγ,88,-1.180467965599762
PRELID3B,PRELID3B_3,IFNγ,10,-0.6114512781108986
DDX39A,DDX39A_2,IFNγ,52,-1.344763328177434
MIA,MIA_3,IFNγ,78,-1.4217564313543574
HLA-E,HLA-E_2,IFNγ,78,-1.997236076366063
TPP1,TPP1_3,IFNγ,70,-0.6453890448448755
AGA,AGA_3,IFNγ,56,-1.697874396330297
CD274,CD274_2,IFNγ,110,-1.3914936786790584
CD58,CD58_2,IFNγ,82,-0.5169326704339247
CD47,CD47_3,IFNγ,103,-1.2825306395790967
HLA-DRB5,HLA-DRB5_2,IFNγ,126,0.7517830395309064
SP100,SP100_3,IFNγ,56,-1.6372963970117163
IDI2-AS1,IDI2-AS1_2,IFNγ,64,1.3245646349845615
RNF213,RNF213_2,IFNγ,43,-0.9134967816013566
KDR,KDR_3,IFNγ,77,-1.9254392243389358
ISYNA1,ISYNA1_2,IFNγ,48,-3.3943747738594423
RTP4,RTP4_3,IFNγ,77,-0.17375962801174125
IRF3,IRF3_2,IFNγ,78,-0.5425788486201263
NPC2,NPC2_1,IFNγ,64,-0.7847500598731054
TTLL1,TTLL1_3,IFNγ,96,-1.2198960036669564
CTSO,CTSO_2,IFNγ,101,-1.2991303243374113
MIA,MIA_2,IFNγ,81,-0.1656903819582088
S100B,S100B_1,IFNγ,65,-0.07378231726870879
ST3GAL6-AS1,ST3GAL6-AS1_2,IFNγ,111,-0.5407814340458382
STOM,STOM_3,IFNγ,73,-1.6727517904667777
SET,SET_2,IFNγ,78,-2.299122830583694
SPINT1,SPINT1_1,IFNγ,55,-0.5233305978562404
CD58,CD58_1,IFNγ,62,-0.4691620668656603
JMJD7,JMJD7_2,IFNγ,82,0.0
HLA-F,HLA-F_1,IFNγ,78,-0.9669280700811673
CKS1B,CKS1B_3,IFNγ,61,-1.0031398710265853
UCN2,UCN2_2,IFNγ,70,-0.5711327372969291
TIMP3,TIMP3_2,IFNγ,60,-2.0581239039396646
IFNGR2,IFNGR2_1,IFNγ,79,-0.06794779674570164
CST3,CST3_3,IFNγ,34,-1.6554194896935728
TMEM173,TMEM173_1,IFNγ,67,-1.4537558838657882
SLC22A18,SLC22A18_3,IFNγ,76,-0.4162040305786151
JAK2,JAK2_2,IFNγ,72,-1.0250117152151919
CD63,CD63_3,IFNγ,71,-0.9331358936510895
SLC19A1,SLC19A1_2,IFNγ,60,-1.560766017177179
CD44,CD44_2,IFNγ,53,-1.176040220091791
ST3GAL6-AS1,ST3GAL6-AS1_3,IFNγ,81,-0.5407814340458382
SHMT2,SHMT2_1,IFNγ,59,-0.887554682219303
CMSS1,CMSS1_2,IFNγ,53,-1.2379900924891802
NT5E,NT5E_1,IFNγ,88,-1.2945917984767372
SMAD3,SMAD3_2,IFNγ,104,-0.5642367337530982
BOLA2,BOLA2_1,IFNγ,35,-0.0975610685547275
GPATCH4,GPATCH4_2,IFNγ,58,-1.2818078258746306
NPC1,NPC1_2,IFNγ,97,-1.2911446326409017
C19orf48,C19orf48_2,IFNγ,68,-0.00036100599040733716
MFGE8,MFGE8_2,IFNγ,116,-1.169276153498354
CD44,CD44_3,IFNγ,106,-0.09616586867349627
HLA-E,HLA-E_1,IFNγ,68,-1.4427603708586563
RTP4,RTP4_1,IFNγ,103,-0.6142035732564268
A2M,A2M_3,IFNγ,97,-0.23254754358296692
CDKN1A,CDKN1A_1,IFNγ,66,-0.46902265405510135
PPIA,PPIA_3,IFNγ,76,-0.04768429295598331
SP100,SP100_1,IFNγ,76,-1.1636163016700503
NSG1,NSG1_1,IFNγ,65,0.7280783196771525
EVA1A,EVA1A_3,IFNγ,63,-0.7744214049373069
CTSO,CTSO_3,IFNγ,63,-1.1996536087488252
CD151,CD151_2,IFNγ,63,-1.6518474280711837
ENPP1,ENPP1_3,IFNγ,65,-0.645728197014947
RBP7,RBP7_3,IFNγ,84,-0.29558214076599176
EIF3K,EIF3K_1,IFNγ,69,-0.9347684918283916
HLA-DRB5,HLA-DRB5_3,IFNγ,35,-0.07378231726870879
UCN2,UCN2_1,IFNγ,63,-2.0155673881121903
P2RX4,P2RX4_2,IFNγ,36,0.45168782876789537
MT2A,MT2A_3,IFNγ,30,-0.9837209216206197
NME1,NME1_2,IFNγ,85,-0.38837283464571654
IFNGR2,IFNGR2_3,IFNγ,68,-0.6641832962206856
BOLA2B,BOLA2B_3,IFNγ,55,-0.9026237225516266
AGA,AGA_2,IFNγ,82,-1.7728926889481196
TIMP2,TIMP2_2,IFNγ,36,-1.0015038496832454
LINC00518,LINC00518_3,IFNγ,70,-0.04960506308996055
CITED1,CITED1_3,IFNγ,76,2.7739399331109444
TOP1MT,TOP1MT_1,IFNγ,77,-0.5735398832583309
CCR10,CCR10_2,IFNγ,69,-0.21090876146746865
DDX39A,DDX39A_3,IFNγ,70,-0.8038962130715113
RBP7,RBP7_1,IFNγ,67,-0.29558214076599176
CDKN2B,CDKN2B_1,IFNγ,65,-1.1730882665522142
PROS1,PROS1_3,IFNγ,41,-1.6842704257442542
STX7,STX7_3,IFNγ,75,-1.699479461566239
TAPBP,TAPBP_2,IFNγ,69,-0.9039533401364985
TMEM173,TMEM173_3,IFNγ,67,-1.3912103832425349
C1QBP,C1QBP_2,IFNγ,48,-2.1616819959578373
S100A6,S100A6_1,IFNγ,73,-1.140200776544108
TP53,TP53_2,IFNγ,65,-1.6559772764857206
CCR10,CCR10_1,IFNγ,49,-0.21090876146746865
NACA,NACA_1,IFNγ,10,-0.2810591073484834
SLIRP,SLIRP_1,IFNγ,28,-0.3671622908586172
DDR1,DDR1_1,IFNγ,62,-0.7836940941123741
B2M,B2M_1,IFNγ,99,-0.9500832496437323
CXCR4,CXCR4_1,IFNγ,76,-0.07378231726870879
PAICS,PAICS_3,IFNγ,28,-0.5092011579411342
JAK1,JAK1_1,IFNγ,68,-1.554718662077543
AEBP1,AEBP1_3,IFNγ,83,-0.8847341325904803
NPC2,NPC2_3,IFNγ,70,-0.9115476043717821
VAT1,VAT1_1,IFNγ,65,-1.3844822494382973
TOP1MT,TOP1MT_3,IFNγ,60,-1.084842321044033
ROMO1,ROMO1_3,IFNγ,21,-0.6015307327266298
MYC,MYC_1,IFNγ,12,0.557940033568146
MT2A,MT2A_2,IFNγ,66,-0.26931074006888706
SERPINA3,SERPINA3_1,IFNγ,75,-0.04960506308996055
SLC19A1,SLC19A1_3,IFNγ,55,-0.43980965127857896
NPC2,NPC2_2,IFNγ,77,-2.0967939007798955
XAGE1A,XAGE1A_3,IFNγ,55,-0.12095424090673641
B2M,B2M_3,IFNγ,69,-1.1230608762007313
TMED10,TMED10_3,IFNγ,29,-0.41906654611952243
CTSL,CTSL_1,IFNγ,64,-1.2402675565497283
MRPL47,MRPL47_3,IFNγ,32,-0.7967466289208971
ACTA2,ACTA2_2,IFNγ,102,-0.3945349146310664
IFNGR1,IFNGR1_2,IFNγ,51,-1.12570704632248
FBL,FBL_3,IFNγ,67,-0.2492290432746328
TM4SF1,TM4SF1_1,IFNγ,99,-0.6224151052089151
LGALS3BP,LGALS3BP_3,IFNγ,48,-0.8261626672287843
PSAP,PSAP_2,IFNγ,106,-0.8270767882745815
LGALS3,LGALS3_3,IFNγ,56,-1.687559302024055
SNRPG,SNRPG_2,IFNγ,28,-0.21087906944466656
CTSB,CTSB_2,IFNγ,86,-1.809226869167736
CDKN1A,CDKN1A_3,IFNγ,58,-0.6529638843256149
CDH19,CDH19_1,IFNγ,100,-0.02501572118420657
SLC19A1,SLC19A1_1,IFNγ,51,-0.731974911214093
TP53,TP53_3,IFNγ,64,0.4311640289564214
DDR1,DDR1_3,IFNγ,87,-1.299954521245018
APOE,APOE_1,IFNγ,77,-1.5504770329343285
PIK3IP1,PIK3IP1_3,IFNγ,62,-0.14397413959181968
TIMP2,TIMP2_1,IFNγ,105,-1.009147271877493
FMN1,FMN1_1,IFNγ,68,-0.9804348024373731
IFNGR1,IFNGR1_3,IFNγ,57,-0.7350755636345749
ENPP1,ENPP1_2,IFNγ,54,-0.26832717605233475
CD63,CD63_1,IFNγ,70,-1.6817842244659276
FTH1,FTH1_1,IFNγ,25,-0.7626527093649611
DLL3,DLL3_2,IFNγ,83,0.3746042806132034
PSAP,PSAP_1,IFNγ,75,-0.3381517896020859
CCND2,CCND2_2,IFNγ,59,0.0
CST3,CST3_2,IFNγ,99,-0.4842093171213788
B2M,B2M_2,IFNγ,88,-1.339087316872508
RAB27A,RAB27A_2,IFNγ,85,-0.13360089069300218
FOS,FOS_1,IFNγ,51,-1.255348194769788
GSN,GSN_2,IFNγ,91,-1.3019633903387555
SEC11C,SEC11C_1,IFNγ,71,-0.19257513811937918
KDR,KDR_2,IFNγ,101,-0.8485820010144447
CTPS1,CTPS1_3,IFNγ,24,-1.2354956649988782
FSTL3,FSTL3_2,IFNγ,85,-0.38982367750333585
RAB27A,RAB27A_1,IFNγ,67,-0.10052674074258187
KCNN4,KCNN4_2,IFNγ,73,-0.4320286441931871
SCARB2,SCARB2_3,IFNγ,91,-1.0556641729282514
UQCRH,UQCRH_1,IFNγ,16,-1.5559374551905631
A2M,A2M_1,IFNγ,76,-0.23254754358296692
SOX4,SOX4_3,IFNγ,101,-0.3572264839002654
WBP2,WBP2_3,IFNγ,78,0.13468986678537617
TTLL1,TTLL1_1,IFNγ,97,-0.0635603379155786
NSG1,NSG1_3,IFNγ,91,-0.21254213142255163
CD44,CD44_1,IFNγ,80,-0.15411029772855714
SEC11C,SEC11C_2,IFNγ,66,-0.9637861021424822
CDKN2B,CDKN2B_3,IFNγ,71,-0.370546851524265
GRN,GRN_2,IFNγ,72,-0.9227254148266876
NDUFA13,NDUFA13_3,IFNγ,40,-0.7779102295189596
PIK3IP1,PIK3IP1_2,IFNγ,50,-0.14397413959181968
NONO,NONO_1,IFNγ,58,-1.4339969917125832
KLF4,KLF4_1,IFNγ,55,0.2663122321747767
MIA,MIA_1,IFNγ,72,-0.15263537734824356
EEA1,EEA1_1,IFNγ,68,-0.534119766765818
SERPINE2,SERPINE2_3,IFNγ,89,-1.8598356571936068
CCND2,CCND2_3,IFNγ,71,0.0
CD59,CD59_3,IFNγ,67,-0.5329839474364935
CTSD,CTSD_2,IFNγ,100,-2.12736062786707
AEBP1,AEBP1_2,IFNγ,73,-1.0814021569567853
KCNN4,KCNN4_1,IFNγ,76,-0.33741357384049186
PAICS,PAICS_1,IFNγ,26,-1.3942134306302394
FGFR1,FGFR1_1,IFNγ,104,-1.2073692509581788
HNRNPA1,HNRNPA1_3,IFNγ,39,-0.9418372183107556
CD274,CD274_3,IFNγ,76,-0.929412020788869
SPINT1,SPINT1_3,IFNγ,75,-0.5233305978562404
LGALS3,LGALS3_2,IFNγ,66,-0.17927767329821145
PSMB8-AS1,PSMB8-AS1_3,IFNγ,42,-1.4501980871092621
LINC00518,LINC00518_1,IFNγ,102,-0.04960506308996055
CYP27A1,CYP27A1_1,IFNγ,75,-1.3142419123102576
PPIA,PPIA_2,IFNγ,27,-0.8246435464821671
UBC,UBC_1,IFNγ,48,0.8384345264019939
CXCR4,CXCR4_2,IFNγ,76,-0.07378231726870879
STAT1,STAT1_3,IFNγ,62,-3.4276010623089737
SET,SET_1,IFNγ,53,-0.7153643799033316
APOD,APOD_1,IFNγ,72,-0.12095424090673641
PSAP,PSAP_3,IFNγ,84,-0.3645890028338618
NDUFA13,NDUFA13_1,IFNγ,42,-1.0264607838453799
RNASEH2A,RNASEH2A_2,IFNγ,39,1.1162044948607484
HLA-A,HLA-A_1,IFNγ,77,-0.5926733009991071
TSC22D3,TSC22D3_1,IFNγ,74,-0.2948843957342523
FBL,FBL_2,IFNγ,16,-0.23820155446226493
HLA-C,HLA-C_1,IFNγ,86,-1.1307778773580297
P2RX4,P2RX4_1,IFNγ,34,-0.2734574759367566
SSR2,SSR2_3,IFNγ,63,-1.0277437966387364
SERPINF1,SERPINF1_2,IFNγ,35,-0.18894047379150988
CTSA,CTSA_1,IFNγ,74,-2.3355182209523693
HLA-B,HLA-B_1,IFNγ,78,-0.7504479305062729
SDCBP,SDCBP_1,IFNγ,66,-1.2595617110662123
GPNMB,GPNMB_2,IFNγ,62,-0.4057260169668918
TGFB1,TGFB1_1,IFNγ,69,-1.9251237526634168
FOS,FOS_3,IFNγ,82,0.02947252149645924
EIF3K,EIF3K_3,IFNγ,44,-0.44702822133325
E2F1,E2F1_2,IFNγ,54,-1.2915795118015252
ACSL3,ACSL3_1,IFNγ,31,-0.5793007331817842
UBA52,UBA52_3,IFNγ,12,-0.13816892942484935
BOLA2B,BOLA2B_1,IFNγ,43,0.018398812553962904
AHNAK,AHNAK_3,IFNγ,58,-1.0757395730363424
TAPBPL,TAPBPL_2,IFNγ,99,-1.0697531562714542
TIMP3,TIMP3_3,IFNγ,65,-0.3539317720406401
CD59,CD59_2,IFNγ,110,-0.2942525780727468
HASPIN,HASPIN_2,IFNγ,34,0.46921492092333267
DDX17,DDX17_3,IFNγ,49,-0.7598364458320164
SERPINA3,SERPINA3_3,IFNγ,46,-0.04960506308996055
HLA-E,HLA-E_3,IFNγ,41,-1.2443598366159065
HSPA1A,HSPA1A_2,IFNγ,56,-1.2635774198797165
RNF213,RNF213_3,IFNγ,84,-0.6524789110470223
SLIRP,SLIRP_3,IFNγ,72,-0.289620181283429
TAPBP,TAPBP_1,IFNγ,65,-0.43730851908473717
LCP1,LCP1_1,IFNγ,86,-0.7101437901382558
C1QBP,C1QBP_3,IFNγ,64,-1.7664059934778662
NEAT1,NEAT1_3,IFNγ,62,-0.07956434213110705
VAT1,VAT1_3,IFNγ,38,-2.106248417583123
HLA-F,HLA-F_3,IFNγ,71,-0.7100343995973527
EVA1A,EVA1A_1,IFNγ,62,-0.2529651776181317
NONO,NONO_3,IFNγ,64,-1.1967461992332638
HNRNPA1,HNRNPA1_1,IFNγ,44,-1.3089663264176183
HLA-B,HLA-B_2,IFNγ,43,-0.6113565001258023
SINHCAF,SINHCAF_3,IFNγ,23,-0.062487439492098895
FRZB,FRZB_1,IFNγ,65,0.4365677438659825
ISYNA1,ISYNA1_1,IFNγ,47,-0.36736227166956315
PIK3IP1,PIK3IP1_1,IFNγ,49,1.415480210234884
SGK1,SGK1_1,IFNγ,85,-0.9467207029499637
ARMC6,ARMC6_2,IFNγ,71,0.40522787343572375
CMSS1,CMSS1_1,IFNγ,76,-3.5365213544312692
SERPINE2,SERPINE2_2,IFNγ,53,-1.394433059875341
APOD,APOD_2,IFNγ,67,-0.12095424090673641
SERPINE2,SERPINE2_1,IFNγ,50,-1.7875998469798096
ILF2,ILF2_3,IFNγ,25,-0.6104787654817062
SEC11C,SEC11C_3,IFNγ,73,-1.0393404525802246
CORO1A,CORO1A_2,IFNγ,54,-1.4680977773090385
ARMC6,ARMC6_1,IFNγ,68,-1.3656128380431167
ATP1B1,ATP1B1_3,IFNγ,63,-2.268760680992608
CTSD,CTSD_1,IFNγ,71,-2.1300110839749005
FRZB,FRZB_3,IFNγ,34,-0.9978158708784693
SHMT2,SHMT2_2,IFNγ,36,-2.0528330659179215
EMP1,EMP1_1,IFNγ,93,-2.446749062820318
SERPINF1,SERPINF1_3,IFNγ,69,-0.18894047379150988
VDAC2,VDAC2_2,IFNγ,75,-1.0198832133855327
CTSA,CTSA_2,IFNγ,70,-1.2764218576615574
NCL,NCL_2,IFNγ,11,-1.8345946503370325
CDK4,CDK4_2,IFNγ,49,-0.7563590520844576
STAT3,STAT3_1,IFNγ,60,-1.0265187977102446
TMED10,TMED10_1,IFNγ,12,-1.0413575179701493
ARMC6,ARMC6_3,IFNγ,51,-1.7144624180862433
PUF60,PUF60_2,IFNγ,32,-0.14301864963810723
FKBP4,FKBP4_2,IFNγ,58,-1.4957966872432598
AGA,AGA_1,IFNγ,73,-1.4193502241436062
TMED10,TMED10_2,IFNγ,22,-1.653773849603172
HNRNPC,HNRNPC_2,IFNγ,58,-0.16585156875678206
CDH19,CDH19_2,IFNγ,86,-0.02501572118420657
JAK2,JAK2_3,IFNγ,74,-1.3912528922357228
PFN1,PFN1_1,IFNγ,34,-1.0272079167981734
SSR2,SSR2_1,IFNγ,47,-1.0648456209386594
EIF4A1,EIF4A1_1,IFNγ,12,-0.3006086144805488
TPRKB,TPRKB_1,IFNγ,15,-0.06503100244494527
SLC5A3,SLC5A3_1,IFNγ,81,0.30847933646480896
UQCRFS1,UQCRFS1_3,IFNγ,32,-0.951293480785225
RAB27A,RAB27A_3,IFNγ,53,-0.38510759395800054
RNASEH2A,RNASEH2A_3,IFNγ,37,-1.5988084511665301
FRZB,FRZB_2,IFNγ,70,0.3307221737312458
MT2A,MT2A_1,IFNγ,60,-1.1251677319810132
NCL,NCL_1,IFNγ,10,-0.8429159730347685
MYC,MYC_2,IFNγ,22,0.6138512271614016
MRPL47,MRPL47_1,IFNγ,32,-0.2923895429356897
CKS1B,CKS1B_1,IFNγ,63,-1.6388505721594668
NGFR,NGFR_1,IFNγ,57,-0.18894047379150988
BZW2,BZW2_3,IFNγ,62,-0.651920603821712
E2F1,E2F1_1,IFNγ,27,-0.5426712010221704
UCN2,UCN2_3,IFNγ,59,1.0953694103513807
PFN1,PFN1_2,IFNγ,34,-1.1120277408451245
SMAD3,SMAD3_1,IFNγ,64,-0.7667104351348469
GPATCH4,GPATCH4_1,IFNγ,71,-0.4051305151141473
BOLA2B,BOLA2B_2,IFNγ,27,0.7302826989592431
SET,SET_3,IFNγ,29,-1.138651336109956
NT5E,NT5E_2,IFNγ,100,-1.3724429354925018
DLL3,DLL3_1,IFNγ,38,-0.41520687057064454
GRN,GRN_3,IFNγ,58,-1.9642910817976071
PAICS,PAICS_2,IFNγ,28,-0.680265175730175
POLD2,POLD2_1,IFNγ,15,-0.7675268836268881
SPESP1,SPESP1_2,IFNγ,63,-0.4038711297472145
NPC1,NPC1_1,IFNγ,49,-0.908459581852431
FOXM1,FOXM1_1,IFNγ,20,-0.28151351672640246
STAT3,STAT3_3,IFNγ,37,-1.3454533003609108
IRF3,IRF3_1,IFNγ,55,-0.5647783938458305
MYC,MYC_3,IFNγ,15,1.06441302003628
FKBP4,FKBP4_1,IFNγ,50,-1.8621240544638276
CTSO,CTSO_1,IFNγ,77,-0.9847812552204336
NDUFA13,NDUFA13_2,IFNγ,31,-0.06458144597582186
GPI,GPI_2,IFNγ,10,-1.077077934467258
SLC25A13,SLC25A13_3,IFNγ,78,-1.0207645515691042
PABPC1,PABPC1_3,IFNγ,35,-0.6857455708078147
RUVBL2,RUVBL2_1,IFNγ,10,-0.6187044098613073
GPI,GPI_1,IFNγ,14,-0.9400707129636949
CST3,CST3_1,IFNγ,30,-0.9906031250217869
ROMO1,ROMO1_1,IFNγ,13,-0.9018046307317081
SINHCAF,SINHCAF_1,IFNγ,35,-0.5310458206264147
JPT1,JPT1_3,IFNγ,71,-0.7014906729181839
C1QBP,C1QBP_1,IFNγ,47,-1.3085693477063003
DDX39A,DDX39A_1,IFNγ,30,-2.082793859330307
CCT3,CCT3_2,IFNγ,19,-0.2670760611757877
PPA1,PPA1_1,IFNγ,24,-0.2750029568575779
MDH2,MDH2_1,IFNγ,45,-0.802531081026799
ROMO1,ROMO1_2,IFNγ,23,-0.42213180643897824
EEF1G,EEF1G_1,IFNγ,11,-1.5041280747052992
ITGA3,ITGA3_3,IFNγ,52,-0.5718129822576415
HLA-B,HLA-B_3,IFNγ,26,-0.6344707559332164
PFDN4,PFDN4_2,IFNγ,36,-0.12241146259646048
CHCHD2,CHCHD2_3,IFNγ,55,-1.2319690922871218
RRS1,RRS1_2,IFNγ,23,-0.9931351301060155
UQCRFS1,UQCRFS1_2,IFNγ,24,-0.252379583308237
FTH1,FTH1_2,IFNγ,12,-0.8833150097470955
UBC,UBC_3,IFNγ,46,1.3677873869037724
UQCRH,UQCRH_3,IFNγ,31,-0.4760284935024363
EIF2S3,EIF2S3_2,IFNγ,11,-0.8362396655729651
SAE1,SAE1_1,IFNγ,16,-2.1773743216384447
TPRKB,TPRKB_2,IFNγ,24,-1.8130755076363059
DNMT1,DNMT1_2,IFNγ,13,-1.7834658809578234
PRELID3B,PRELID3B_2,IFNγ,21,-0.8215518612266152
SAE1,SAE1_3,IFNγ,11,-0.3871353914728109
NACA,NACA_3,IFNγ,10,-0.4381804492227197
CCT3,CCT3_3,IFNγ,16,-1.2917112012288396
SLC26A2,SLC26A2_3,Co-culture,105,-0.7016968785797654
CCND2,CCND2_1,Co-culture,73,-0.10610330559348191
PET100,PET100_1,Co-culture,30,-0.28224475596710913
CDKN2A,CDKN2A_1,Co-culture,50,0.31888659864033864
DNMT1,DNMT1_1,Co-culture,40,-0.5623458201079762
JMJD7,JMJD7_3,Co-culture,57,-0.01823468190621618
CTSD,CTSD_1,Co-culture,76,-2.5950858811914936
CTSL,CTSL_1,Co-culture,72,-1.7355492981801186
SERPINA3,SERPINA3_3,Co-culture,42,-0.01823468190621618
ST3GAL6-AS1,ST3GAL6-AS1_2,Co-culture,85,-0.32698670248066575
SPINT1,SPINT1_2,Co-culture,80,-0.17273752849847418
TMEM173,TMEM173_3,Co-culture,69,0.2725531915013912
DLL3,DLL3_3,Co-culture,75,-0.5192407883454186
HLA-E,HLA-E_1,Co-culture,52,-1.0424369754567029
KCNN4,KCNN4_3,Co-culture,87,-0.6109991660022107
TIMP1,TIMP1_2,Co-culture,64,0.09807343051052918
IFNGR2,IFNGR2_3,Co-culture,128,-0.5626742044133316
CD151,CD151_1,Co-culture,71,-1.8010759574035413
ACSL3,ACSL3_1,Co-culture,28,-1.2143568796831952
LGALS3,LGALS3_2,Co-culture,59,-0.49141459981102226
NT5E,NT5E_3,Co-culture,65,0.10829546377807933
CITED1,CITED1_2,Co-culture,82,-0.18892606549437446
CYP27A1,CYP27A1_2,Co-culture,75,-0.9824671340649946
A2M,A2M_3,Co-culture,79,0.0
TGFB1,TGFB1_2,Co-culture,107,-2.1079781372639665
RNF213,RNF213_1,Co-culture,60,-0.6249427740387624
B2M,B2M_1,Co-culture,87,-1.2095181460275994
PSAP,PSAP_1,Co-culture,72,-0.4529743013101184
CDKN2A,CDKN2A_2,Co-culture,80,2.201433574050738
IRF3,IRF3_3,Co-culture,72,-0.6599751928793954
RAB27A,RAB27A_1,Co-culture,86,-0.23035469200622316
GSN,GSN_3,Co-culture,67,-0.8594645393072877
IRF4,IRF4_1,Co-culture,66,0.0
CST3,CST3_2,Co-culture,97,-0.8448600641423477
DAG1,DAG1_1,Co-culture,43,-0.5433232099924801
CTSD,CTSD_3,Co-culture,110,-1.98482532529342
SHMT2,SHMT2_1,Co-culture,43,-1.018084778775529
VDAC2,VDAC2_2,Co-culture,87,-1.0461563689965638
KLF4,KLF4_3,Co-culture,84,0.3717318276810177
NEAT1,NEAT1_3,Co-culture,44,0.05654952900474696
JAK2,JAK2_2,Co-culture,112,-0.04610715451858099
SLC26A2,SLC26A2_2,Co-culture,71,-0.5773000555151407
GPNMB,GPNMB_2,Co-culture,60,0.7854392730454871
IFNGR2,IFNGR2_1,Co-culture,119,-0.3550841746691266
CCR10,CCR10_2,Co-culture,83,0.4605538942292755
AEBP1,AEBP1_2,Co-culture,51,-1.5797294800978585
NPC1,NPC1_3,Co-culture,84,-0.5384752533574829
TMEM173,TMEM173_1,Co-culture,59,-0.4202543356977966
SPESP1,SPESP1_3,Co-culture,88,-0.2252900630458214
CXCR4,CXCR4_2,Co-culture,65,-0.13980508990883736
SLC19A1,SLC19A1_1,Co-culture,59,-1.8992613522428807
HSPA1A,HSPA1A_3,Co-culture,52,-1.9487061302308677
PPA1,PPA1_1,Co-culture,17,-1.0370610580862993
HLA-DRB5,HLA-DRB5_2,Co-culture,125,-0.14938594862801335
BOLA2B,BOLA2B_1,Co-culture,31,0.2741779982392944
PROS1,PROS1_2,Co-culture,71,-0.6982431339969639
RBP7,RBP7_2,Co-culture,78,-0.07159536808071434
DDR1,DDR1_3,Co-culture,73,-1.8179862746410553
PFDN4,PFDN4_3,Co-culture,75,-0.12819438301862898
BZW2,BZW2_3,Co-culture,59,-0.8941874534878443
CTSD,CTSD_2,Co-culture,84,-2.194066793215708
UCN2,UCN2_2,Co-culture,52,0.93137628439138
STAT1,STAT1_3,Co-culture,128,-3.6670997083729144
ENPP1,ENPP1_2,Co-culture,35,-1.4886042426395145
DDX39A,DDX39A_3,Co-culture,60,-1.02389752940156
STX7,STX7_2,Co-culture,59,-1.324242699076582
VDAC2,VDAC2_1,Co-culture,95,-2.563676960732393
PYGB,PYGB_1,Co-culture,52,-0.9603321243945449
SLC25A13,SLC25A13_1,Co-culture,96,-0.45914190386251913
MFGE8,MFGE8_2,Co-culture,98,-1.1682293688076923
CD58,CD58_2,Co-culture,96,-1.3038587045838932
FRZB,FRZB_1,Co-culture,64,-0.5056313840890387
RNASEH2A,RNASEH2A_3,Co-culture,13,1.2100371828772698
SGK1,SGK1_1,Co-culture,76,-0.46400493610958576
LY96,LY96_1,Co-culture,93,0.6137876068446312
LY96,LY96_3,Co-culture,54,-0.797206317959059
RB1,RB1_2,Co-culture,86,-0.20667487422454478
SAT1,SAT1_1,Co-culture,62,-0.029680910018326425
SP100,SP100_1,Co-culture,81,-1.9736064242350504
CTSB,CTSB_2,Co-culture,94,-1.657659459962849
HLA-B,HLA-B_1,Co-culture,80,-1.0352728419467123
AHNAK,AHNAK_2,Co-culture,88,-1.05684998718211
B2M,B2M_3,Co-culture,77,-1.4717285733746261
TTLL1,TTLL1_1,Co-culture,91,-1.23159854577019
NGFR,NGFR_3,Co-culture,42,-0.13980508990883736
SDC3,SDC3_1,Co-culture,89,-0.3265471626025974
CD58,CD58_1,Co-culture,92,-0.2816244650030774
NONO,NONO_3,Co-culture,55,-1.3870889220353997
NT5E,NT5E_1,Co-culture,80,-0.32813268031790777
SERPINA3,SERPINA3_2,Co-culture,50,-0.01823468190621618
POLD2,POLD2_2,Co-culture,18,-1.2223126190882352
SPESP1,SPESP1_2,Co-culture,66,-0.14514746639636264
AGA,AGA_3,Co-culture,78,-1.036725889724614
CORO1A,CORO1A_2,Co-culture,51,-0.16353692025951533
EMP1,EMP1_2,Co-culture,62,0.07100934412817261
MDH2,MDH2_3,Co-culture,42,-1.4282447498301083
CD47,CD47_3,Co-culture,87,-1.0188233227434103
CKS1B,CKS1B_2,Co-culture,76,-0.804276308358307
IFNGR1,IFNGR1_1,Co-culture,112,-2.136942609150757
GRN,GRN_1,Co-culture,68,-2.373056332473534
JAK1,JAK1_3,Co-culture,101,-2.108156195274335
GSEC,GSEC_1,Co-culture,47,-2.7245004656775365
HLA-C,HLA-C_3,Co-culture,63,-1.9276510415870038
NMRK1,NMRK1_1,Co-culture,63,-0.47374398864444184
TIMM50,TIMM50_3,Co-culture,73,-0.10656871614169713
CD274,CD274_3,Co-culture,52,-2.5938162014643416
TIMP2,TIMP2_1,Co-culture,81,-1.5191588572710806
CTSB,CTSB_1,Co-culture,54,-1.4469538848430092
STOM,STOM_3,Co-culture,54,-2.2367393730263987
RB1,RB1_3,Co-culture,75,-2.0610451245837065
HLA-A,HLA-A_1,Co-culture,87,-0.6549117315381469
PSAP,PSAP_2,Co-culture,94,-1.113987277200626
ATP1B1,ATP1B1_1,Co-culture,74,-1.3117667425385706
RTP4,RTP4_2,Co-culture,78,-0.017167626165948975
CGAS,CGAS_3,Co-culture,56,-0.8203272850916937
HLA-DRB5,HLA-DRB5_3,Co-culture,34,0.9053024437000062
FOS,FOS_1,Co-culture,46,0.27886574079819554
CDKN2B,CDKN2B_3,Co-culture,46,-0.002616715031367718
IDI2-AS1,IDI2-AS1_1,Co-culture,66,-0.07159536808071434
NGFR,NGFR_1,Co-culture,45,-0.13980508990883736
IFNGR2,IFNGR2_2,Co-culture,188,-0.5907925487755974
CGAS,CGAS_2,Co-culture,86,-1.670142070053806
NOLC1,NOLC1_2,Co-culture,25,-0.9991351829582639
CD59,CD59_2,Co-culture,107,-0.06208161840843916
CTSB,CTSB_3,Co-culture,72,-1.6935874629495615
ST3GAL6-AS1,ST3GAL6-AS1_1,Co-culture,36,-0.32698670248066575
HLA-DRB5,HLA-DRB5_1,Co-culture,97,0.5161991699779849
SMAD3,SMAD3_3,Co-culture,47,-1.1647291561298472
NPC1,NPC1_2,Co-culture,71,-0.7579493865999805
STX7,STX7_1,Co-culture,68,-2.4554485110894664
SPESP1,SPESP1_1,Co-culture,63,-0.41828174469238927
PTMA,PTMA_2,Co-culture,105,-1.3433374451656748
HLA-A,HLA-A_2,Co-culture,75,-0.9441341907120099
CTSL,CTSL_3,Co-culture,68,-1.384289199002397
CYP27A1,CYP27A1_3,Co-culture,65,-0.18674528634555518
DAG1,DAG1_3,Co-culture,72,-0.6821828871403384
CTSA,CTSA_1,Co-culture,82,-2.3035310979947914
SERPINF1,SERPINF1_3,Co-culture,73,-0.08895250914066588
SDCBP,SDCBP_1,Co-culture,71,-1.2136874579079735
SLC5A3,SLC5A3_3,Co-culture,81,0.04514805808807824
FBXO32,FBXO32_2,Co-culture,108,-0.7500166837537431
SCARB2,SCARB2_2,Co-culture,49,-1.441853984494676
KDR,KDR_2,Co-culture,74,-0.5312528126819656
STAT1,STAT1_2,Co-culture,117,-3.011841487161996
SLC26A2,SLC26A2_1,Co-culture,49,-0.6755372525651672
CDKN1A,CDKN1A_3,Co-culture,77,-0.47223011226733297
SET,SET_3,Co-culture,25,-1.2048634047111049
SOX4,SOX4_2,Co-culture,73,-1.3963906050588528
C1QBP,C1QBP_2,Co-culture,30,-2.505493433381782
FMN1,FMN1_2,Co-culture,72,-1.8463401631141967
ST6GALNAC2,ST6GALNAC2_3,Co-culture,19,-0.054026856742280104
VDAC2,VDAC2_3,Co-culture,47,-0.67484590853663
UCN2,UCN2_3,Co-culture,54,0.568514327398173
S100B,S100B_3,Co-culture,75,-0.01823468190621618
PPIA,PPIA_1,Co-culture,77,-0.7521968996971492
NSG1,NSG1_3,Co-culture,69,0.24364101725972137
CDK4,CDK4_3,Co-culture,65,-2.139467270951212
RAB27A,RAB27A_3,Co-culture,49,-0.8878268444745914
IDI2-AS1,IDI2-AS1_3,Co-culture,81,-0.07159536808071434
JMJD7,JMJD7_1,Co-culture,116,-0.01823468190621618
SMAD4,SMAD4_1,Co-culture,48,-1.0738233230935152
ISYNA1,ISYNA1_3,Co-culture,57,-0.1436278021157479
GPATCH4,GPATCH4_1,Co-culture,71,-0.8107304384996518
EVA1A,EVA1A_1,Co-culture,84,0.029120649689824762
SDCBP,SDCBP_2,Co-culture,84,-2.2778882200239217
A2M,A2M_2,Co-culture,66,0.0
TSC22D3,TSC22D3_1,Co-culture,83,0.7341096704031053
FSTL3,FSTL3_1,Co-culture,92,-0.36396328914175125
NME1,NME1_2,Co-culture,73,-0.3782971300199066
SAT1,SAT1_2,Co-culture,80,-0.12286165506725305
FGFR1,FGFR1_2,Co-culture,55,-1.5363877127428178
CMSS1,CMSS1_3,Co-culture,92,-1.7179822262260733
GAA,GAA_2,Co-culture,80,-0.6758801196533135
CD151,CD151_2,Co-culture,65,-1.0465421166352455
IDI2-AS1,IDI2-AS1_2,Co-culture,64,-0.07159536808071434
C6orf226,C6orf226_2,Co-culture,79,-2.454583087073888
CD59,CD59_1,Co-culture,70,-0.9992242098388453
ACTA2,ACTA2_1,Co-culture,80,-0.5042132070542515
TRIM22,TRIM22_3,Co-culture,48,-1.2541970677139547
MRPL47,MRPL47_3,Co-culture,25,-1.190482957383578
BZW2,BZW2_1,Co-culture,73,-1.5268442485157905
RRS1,RRS1_2,Co-culture,25,-0.8140072304449706
NCL,NCL_3,Co-culture,32,-0.6458108590948004
WBP2,WBP2_2,Co-culture,100,-1.2882506249708559
CD44,CD44_1,Co-culture,68,-0.06440220946171042
TIMP3,TIMP3_2,Co-culture,51,-1.141137354695932
TPRKB,TPRKB_2,Co-culture,40,-0.16669772205047148
KCNN4,KCNN4_1,Co-culture,49,-1.1287174836507452
RPSA,RPSA_3,Co-culture,110,-0.28708088953860916
SMAD4,SMAD4_3,Co-culture,68,-0.4374912004609254
TPP1,TPP1_3,Co-culture,78,-0.6434939937088058
SERPINE2,SERPINE2_2,Co-culture,40,-1.573047240650515
TGFB1,TGFB1_1,Co-culture,63,-1.4667381244259705
CTSO,CTSO_2,Co-culture,62,-0.614633775919225
FSTL3,FSTL3_3,Co-culture,76,-1.0039202569314847
CTPS1,CTPS1_1,Co-culture,20,-1.5936720995011322
CDK6,CDK6_1,Co-culture,22,-0.4906438755994935
TAPBPL,TAPBPL_2,Co-culture,92,-0.9076214029301908
TM4SF1,TM4SF1_2,Co-culture,50,-0.8408560404276897
VAT1,VAT1_3,Co-culture,51,-2.507755348440825
E2F1,E2F1_2,Co-culture,43,-1.224192166935484
C19orf48,C19orf48_1,Co-culture,75,-0.004941555784045201
DAG1,DAG1_2,Co-culture,65,-0.42305411280213334
JPT1,JPT1_3,Co-culture,73,-1.0382390318500416
WBP2,WBP2_1,Co-culture,77,-0.8058442215908723
A2M,A2M_1,Co-culture,84,0.0
CDH19,CDH19_1,Co-culture,93,0.0
SLC5A3,SLC5A3_2,Co-culture,62,-0.27040230188199116
KDR,KDR_3,Co-culture,68,0.5145223219814672
HSPA1A,HSPA1A_1,Co-culture,60,-0.5462868148890879
DDX17,DDX17_1,Co-culture,34,-0.7407287729156333
TFAP2A,TFAP2A_1,Co-culture,65,-0.24128574475481057
CDKN1A,CDKN1A_1,Co-culture,82,-1.4566803086413236
STAT3,STAT3_3,Co-culture,49,-0.684328663413621
CXCR4,CXCR4_1,Co-culture,85,0.7539192129298612
TRIM22,TRIM22_2,Co-culture,72,-0.6755192090049553
AEBP1,AEBP1_3,Co-culture,79,-0.7049491329697997
FBXO32,FBXO32_1,Co-culture,86,-0.6716920537043419
LAMP2,LAMP2_1,Co-culture,86,-1.3989125686484034
APOE,APOE_1,Co-culture,73,-0.8160602097528202
SET,SET_2,Co-culture,68,-2.766514354794529
STAT3,STAT3_2,Co-culture,80,-1.0212134949978722
CD274,CD274_1,Co-culture,71,-0.2038406777740375
SLC22A18,SLC22A18_2,Co-culture,70,-1.1036306343855238
CHCHD2,CHCHD2_3,Co-culture,65,-1.1152601202037877
GSN,GSN_2,Co-culture,89,-1.1710558242735218
TP53,TP53_1,Co-culture,52,-0.4229779147536556
IDH2,IDH2_2,Co-culture,95,-0.7591680812780998
CITED1,CITED1_3,Co-culture,78,-0.18892606549437446
SLC5A3,SLC5A3_1,Co-culture,93,-1.1461692905401302
STOM,STOM_2,Co-culture,89,-1.1317116062969692
TXNDC17,TXNDC17_2,Co-culture,52,-1.1678157389778243
MDH2,MDH2_2,Co-culture,58,-0.8580223736069518
B2M,B2M_2,Co-culture,104,-1.4048195834635606
GSN,GSN_1,Co-culture,89,-0.9811954938681393
AEBP1,AEBP1_1,Co-culture,105,-1.7474590707665345
SPINT1,SPINT1_3,Co-culture,89,-0.17273752849847418
S100B,S100B_2,Co-culture,57,-0.01823468190621618
FGFR1,FGFR1_1,Co-culture,114,-0.13003060757526955
SLIRP,SLIRP_1,Co-culture,18,-0.9107792142911441
SOX4,SOX4_3,Co-culture,64,-0.678424270685722
SMAD3,SMAD3_1,Co-culture,79,-0.6972665745367516
ACTA2,ACTA2_2,Co-culture,88,0.10567385683702055
BOLA2B,BOLA2B_3,Co-culture,55,-1.5145729398057148
CCND2,CCND2_2,Co-culture,55,-0.10610330559348191
SSR2,SSR2_2,Co-culture,63,-0.9226632816176144
TP53,TP53_3,Co-culture,79,0.4896516439026872
CDK4,CDK4_2,Co-culture,38,-1.7177812453407217
UBA52,UBA52_3,Co-culture,15,-0.6413418834537944
VAT1,VAT1_1,Co-culture,49,-1.205693228083176
SMAD3,SMAD3_2,Co-culture,111,-0.5807824828156729
SMAD4,SMAD4_2,Co-culture,62,-1.8565372714192765
C19orf48,C19orf48_3,Co-culture,88,-0.3665356543902216
XAGE1A,XAGE1A_3,Co-culture,60,-0.15636527587146856
CTSL,CTSL_2,Co-culture,55,-2.1112361046033397
CYP27A1,CYP27A1_1,Co-culture,71,-1.9107857919871234
NPC2,NPC2_3,Co-culture,76,-1.1848641806581923
UBC,UBC_1,Co-culture,36,1.0318643483571603
HLA-C,HLA-C_1,Co-culture,72,-0.9596147764557101
NMRK1,NMRK1_2,Co-culture,71,-1.1273741645596542
EIF3K,EIF3K_3,Co-culture,46,-0.2920130471417467
MT2A,MT2A_1,Co-culture,46,-0.6378422966137292
CSPG4,CSPG4_3,Co-culture,71,-0.054026856742280104
TIMP1,TIMP1_3,Co-culture,70,-1.0507756831261832
SDC3,SDC3_2,Co-culture,81,-1.3680957687747952
MC1R,MC1R_2,Co-culture,68,0.24812911234436474
HLA-E,HLA-E_2,Co-culture,76,-1.7282297636970967
BOLA2,BOLA2_1,Co-culture,49,-0.08895250914066588
GPNMB,GPNMB_1,Co-culture,94,0.4515956506645061
CITED1,CITED1_1,Co-culture,76,0.7856165315353929
P2RX4,P2RX4_2,Co-culture,29,-0.4485501793663756
SGK1,SGK1_3,Co-culture,53,-0.8592691505505281
ITGA3,ITGA3_1,Co-culture,71,-1.2048085258089143
SERPINE2,SERPINE2_3,Co-culture,61,-1.8478822873509042
SLC25A13,SLC25A13_2,Co-culture,65,-1.17498365678087
STOM,STOM_1,Co-culture,74,-0.9320151137916495
UBC,UBC_3,Co-culture,36,1.561448191085293
ATP5MD,ATP5MD_3,Co-culture,89,-1.5534403677719026
TGFB1,TGFB1_3,Co-culture,77,-2.226919634394166
E2F1,E2F1_1,Co-culture,42,-2.220658786701661
TIMP2,TIMP2_2,Co-culture,24,-1.1179337293981433
CDKN1A,CDKN1A_2,Co-culture,93,-0.5094909994017478
HSPA1A,HSPA1A_2,Co-culture,57,-0.8360809708468689
SGK1,SGK1_2,Co-culture,62,-0.6207364386950509
AHNAK,AHNAK_3,Co-culture,53,-0.7814344752505885
PYGB,PYGB_3,Co-culture,62,-1.175275740344671
DLL3,DLL3_2,Co-culture,62,0.06362157912047038
TXNDC17,TXNDC17_3,Co-culture,48,-1.1622972343010738
APOD,APOD_3,Co-culture,81,-0.01823468190621618
ENPP1,ENPP1_3,Co-culture,56,-0.2592172576637804
MIA,MIA_2,Co-culture,64,-0.6761030960349729
KLF4,KLF4_1,Co-culture,40,0.2961411591968501
EIF3K,EIF3K_1,Co-culture,48,-1.033193505841056
HNRNPA1,HNRNPA1_3,Co-culture,55,-1.0121347338262066
MDH2,MDH2_1,Co-culture,49,-0.9822429756736647
RTP4,RTP4_1,Co-culture,84,-0.5880094034189292
LCP1,LCP1_3,Co-culture,69,-0.6875422908288497
MFGE8,MFGE8_1,Co-culture,71,-0.6882363522570731
S100A6,S100A6_1,Co-culture,62,-1.2833044982461066
AGA,AGA_1,Co-culture,77,-0.7176261814442813
SLC25A13,SLC25A13_3,Co-culture,57,-1.3363153670668604
CCR10,CCR10_1,Co-culture,43,-0.45298168131146654
IFNGR1,IFNGR1_2,Co-culture,85,-1.3364799591430703
SLC22A18,SLC22A18_1,Co-culture,102,-1.7677593771797322
IFNGR1,IFNGR1_3,Co-culture,90,-1.1081608352626247
TM4SF1,TM4SF1_3,Co-culture,75,-0.9120983686411126
GSEC,GSEC_2,Co-culture,77,-1.7778384213728078
NSG1,NSG1_1,Co-culture,55,-0.8077278275094688
EEA1,EEA1_1,Co-culture,63,-1.2252168894918825
FBL,FBL_3,Co-culture,51,-0.4378695893351096
SEC11C,SEC11C_2,Co-culture,67,-1.2951257255675528
AHNAK,AHNAK_1,Co-culture,39,0.035655549761007876
ST3GAL6-AS1,ST3GAL6-AS1_3,Co-culture,74,0.6480936069432953
IRF3,IRF3_1,Co-culture,63,-0.8138652565475936
TPP1,TPP1_2,Co-culture,74,-0.7342348709108654
PFDN4,PFDN4_2,Co-culture,20,-0.1862240408655654
CTSO,CTSO_1,Co-culture,61,-0.8263984401587638
NPC2,NPC2_1,Co-culture,72,-0.7839403320504295
UQCRH,UQCRH_1,Co-culture,18,-2.4451080096865834
ITGA3,ITGA3_2,Co-culture,78,-0.775571669899071
LAMP2,LAMP2_2,Co-culture,83,-0.8812131350091955
ATP1B1,ATP1B1_3,Co-culture,56,-1.72567997914049
TSC22D3,TSC22D3_2,Co-culture,73,0.24053675359938712
LINC00518,LINC00518_1,Co-culture,101,0.0
NDUFA13,NDUFA13_1,Co-culture,23,-1.2862985446988686
PTMA,PTMA_1,Co-culture,51,-1.9970861202272767
CTSA,CTSA_2,Co-culture,50,-1.2960818225441957
JAK2,JAK2_3,Co-culture,135,-0.4775625653175978
PABPC1,PABPC1_1,Co-culture,37,-1.3566152799168119
LCP1,LCP1_2,Co-culture,84,-0.6875422908288497
IRF4,IRF4_3,Co-culture,50,0.0
LGALS3BP,LGALS3BP_1,Co-culture,84,-0.9736934869733485
DDR1,DDR1_1,Co-culture,54,-0.8038190852615825
CHCHD2,CHCHD2_2,Co-culture,87,-1.156265280539327
CD274,CD274_2,Co-culture,92,-1.1864096496130059
SDCBP,SDCBP_3,Co-culture,56,-1.5126366120356627
PIK3IP1,PIK3IP1_1,Co-culture,61,1.1106101626619915
MIA,MIA_1,Co-culture,61,-0.6761030960349729
MC1R,MC1R_1,Co-culture,61,-1.4886042426395145
BZW2,BZW2_2,Co-culture,51,-1.0276142082289692
FMN1,FMN1_1,Co-culture,61,0.6031180381151136
PFDN4,PFDN4_1,Co-culture,79,0.08336295267487047
ENPP1,ENPP1_1,Co-culture,106,-1.4886042426395145
ATP1B1,ATP1B1_2,Co-culture,64,-0.8444285038882612
NONO,NONO_1,Co-culture,68,-1.5573974826244805
NMRK1,NMRK1_3,Co-culture,61,-0.19811986641767287
C6orf226,C6orf226_1,Co-culture,51,-0.5101750636627488
FGFR1,FGFR1_3,Co-culture,84,-0.6931655791313938
ARMC6,ARMC6_1,Co-culture,58,-1.866867034965824
RAB27A,RAB27A_2,Co-culture,76,-0.588911766554486
JAK2,JAK2_1,Co-culture,154,-1.9540526894098862
CDH19,CDH19_3,Co-culture,80,0.0
KDR,KDR_1,Co-culture,69,-0.5312528126819656
RNASEH2A,RNASEH2A_2,Co-culture,20,0.5302649846714327
TOP1MT,TOP1MT_2,Co-culture,45,-0.11104316821036081
TIMP3,TIMP3_3,Co-culture,86,-0.9393388083045644
DDX17,DDX17_3,Co-culture,42,-1.1354249202456597
CD44,CD44_3,Co-culture,101,-0.08662765295207472
ROMO1,ROMO1_2,Co-culture,19,-0.4875717034668051
CSPG4,CSPG4_1,Co-culture,93,-0.054026856742280104
PTMA,PTMA_3,Co-culture,60,-1.0158914308375875
SINHCAF,SINHCAF_3,Co-culture,20,-0.5195099973572574
SLC19A1,SLC19A1_3,Co-culture,61,-0.7731249187950648
RBP7,RBP7_3,Co-culture,60,-0.07159536808071434
PSMB8-AS1,PSMB8-AS1_2,Co-culture,67,-0.7634783103311709
CMSS1,CMSS1_1,Co-culture,62,-3.039299652150596
MC1R,MC1R_3,Co-culture,46,-0.10010744722305628
SEC11C,SEC11C_3,Co-culture,70,-1.3442966615410938
JMJD7,JMJD7_2,Co-culture,74,-0.01823468190621618
LRPAP1,LRPAP1_2,Co-culture,92,-1.75521151065488
UQCRH,UQCRH_3,Co-culture,23,-0.5676978627099029
UQCRFS1,UQCRFS1_1,Co-culture,58,-0.5624897842709158
CDKN2B,CDKN2B_1,Co-culture,62,-0.5198111647281994
CDH19,CDH19_2,Co-culture,70,0.0
WBP2,WBP2_3,Co-culture,48,-0.6381771387517386
CD63,CD63_1,Co-culture,70,-2.4456873983258154
HASPIN,HASPIN_1,Co-culture,32,0.02407575319933594
CDKN2A,CDKN2A_3,Co-culture,40,0.2909025710552741
HNRNPA1,HNRNPA1_2,Co-culture,64,-0.44130725410827953
CGAS,CGAS_1,Co-culture,74,-2.3879422292135475
EEA1,EEA1_2,Co-culture,55,0.11094551795113562
STAT1,STAT1_1,Co-culture,115,-3.0608156031956324
C19orf48,C19orf48_2,Co-culture,68,-0.2954901558285409
MT2A,MT2A_2,Co-culture,54,-0.4873275287204968
GSEC,GSEC_3,Co-culture,39,0.03337594491101198
TAPBPL,TAPBPL_3,Co-culture,65,-0.8154036065043213
IRF3,IRF3_2,Co-culture,78,-0.930017780685619
TSC22D3,TSC22D3_3,Co-culture,93,0.016938223807225632
SCARB2,SCARB2_3,Co-culture,79,-1.1683508477357756
SDC3,SDC3_3,Co-culture,72,-1.2817771545613255
LGALS3BP,LGALS3BP_3,Co-culture,53,-1.3445044293278032
EEA1,EEA1_3,Co-culture,66,-1.4932441643567813
LCP1,LCP1_1,Co-culture,77,-0.6875422908288497
SHMT2,SHMT2_3,Co-culture,50,-0.2891879708339254
LRPAP1,LRPAP1_3,Co-culture,70,-1.1523556998836548
CDKN2B,CDKN2B_2,Co-culture,76,0.08723105361695978
LY96,LY96_2,Co-culture,80,0.3003405094308122
CD151,CD151_3,Co-culture,69,-1.131003285930429
CTSA,CTSA_3,Co-culture,54,-2.040439884740419
SERPINF1,SERPINF1_2,Co-culture,44,-0.08895250914066588
LINC00518,LINC00518_3,Co-culture,56,0.0
HNRNPC,HNRNPC_2,Co-culture,40,-0.16256554228452247
TTLL1,TTLL1_2,Co-culture,49,0.6744643291528571
HLA-A,HLA-A_3,Co-culture,87,-0.1258481930622219
UCN2,UCN2_1,Co-culture,59,-0.012430119405211264
NPC2,NPC2_2,Co-culture,64,-1.7084599363078863
NT5E,NT5E_2,Co-culture,90,-1.1278604495592914
C1QBP,C1QBP_1,Co-culture,35,-1.69765223149542
HASPIN,HASPIN_3,Co-culture,37,-1.7455012937727863
TFAP2A,TFAP2A_3,Co-culture,81,-0.45237413741178284
TM4SF1,TM4SF1_1,Co-culture,86,-0.9924812931763168
LINC00518,LINC00518_2,Co-culture,68,0.0
TIMP3,TIMP3_1,Co-culture,57,-0.4743653233175022
CORO1A,CORO1A_1,Co-culture,51,-0.3117430663579604
STAT3,STAT3_1,Co-culture,47,-0.6307765800585493
PABPC1,PABPC1_3,Co-culture,27,-0.7245068389561066
FOXM1,FOXM1_3,Co-culture,32,-0.7842875810414286
XAGE1A,XAGE1A_2,Co-culture,34,-0.15636527587146856
RNF213,RNF213_3,Co-culture,64,-0.5082764221821234
IRF4,IRF4_2,Co-culture,53,0.0
BOLA2,BOLA2_3,Co-culture,39,-0.08895250914066588
SLC19A1,SLC19A1_2,Co-culture,52,-0.1136084136055125
CKS1B,CKS1B_1,Co-culture,58,-1.3205340921439885
TAPBP,TAPBP_3,Co-culture,51,-1.065982204268634
CD63,CD63_3,Co-culture,63,-1.0557835397341775
GRN,GRN_2,Co-culture,59,-1.4100443012802557
ITGA3,ITGA3_3,Co-culture,48,-0.4698247136170906
NME1,NME1_1,Co-culture,46,-0.5544425099214704
SERPINE2,SERPINE2_1,Co-culture,52,-2.1628285999454664
SP100,SP100_2,Co-culture,69,-0.6007785630693947
SSR2,SSR2_1,Co-culture,38,-0.8711898728499887
PFN1,PFN1_2,Co-culture,27,-1.011017006150661
PIK3IP1,PIK3IP1_3,Co-culture,59,-0.10610330559348191
FBXO32,FBXO32_3,Co-culture,53,0.40386509510503654
NDUFA13,NDUFA13_3,Co-culture,27,-0.2743305854145385
RTP4,RTP4_3,Co-culture,69,-0.0007809979057620376
TTLL1,TTLL1_3,Co-culture,87,-1.23159854577019
SPINT1,SPINT1_1,Co-culture,48,-0.17273752849847418
ACTA2,ACTA2_3,Co-culture,75,-0.38872725275815867
FMN1,FMN1_3,Co-culture,97,0.10788456107938874
CDC123,CDC123_2,Co-culture,46,-0.422640194204018
TOP1MT,TOP1MT_3,Co-culture,62,-0.1667983333898727
SOX4,SOX4_1,Co-culture,62,-0.08210913689290729
SLIRP,SLIRP_3,Co-culture,77,-0.28727203097582804
HLA-F,HLA-F_2,Co-culture,88,-0.9798565901367494
GAA,GAA_1,Co-culture,76,-1.7137133799550481
TMEM173,TMEM173_2,Co-culture,83,-0.14253728688972853
TAPBP,TAPBP_2,Co-culture,59,-1.3346929640273848
SET,SET_1,Co-culture,55,-0.8114152741080981
FKBP4,FKBP4_2,Co-culture,46,-1.0808443795063543
PYGB,PYGB_2,Co-culture,40,-0.11408302610355402
MIA,MIA_3,Co-culture,65,-0.6761030960349729
HLA-F,HLA-F_1,Co-culture,78,-0.8971444817250532
ATP5MD,ATP5MD_1,Co-culture,72,-0.7451278646178919
SINHCAF,SINHCAF_2,Co-culture,32,-1.3927016834526347
DDR1,DDR1_2,Co-culture,60,-1.2496878264054654
GPATCH4,GPATCH4_3,Co-culture,43,-0.5493401490587942
EMP1,EMP1_3,Co-culture,67,-0.8207274499892384
CHCHD2,CHCHD2_1,Co-culture,61,-0.6207274706618766
S100A6,S100A6_2,Co-culture,46,-0.9707768941169157
ST6GALNAC2,ST6GALNAC2_2,Co-culture,66,-0.054026856742280104
EVA1A,EVA1A_3,Co-culture,62,-0.4145943749247324
C1QBP,C1QBP_3,Co-culture,39,-2.0468352357271073
SEC11C,SEC11C_1,Co-culture,60,-0.6708131446725464
NGFR,NGFR_2,Co-culture,67,-0.13980508990883736
VAT1,VAT1_2,Co-culture,51,-1.676768615199006
TIMP2,TIMP2_3,Co-culture,42,-0.6703819155208658
CD44,CD44_2,Co-culture,101,-1.77757751283065
S100A6,S100A6_3,Co-culture,100,-1.1638881271833126
HLA-B,HLA-B_3,Co-culture,28,-0.7453692953175814
APOE,APOE_3,Co-culture,80,0.02013967259037892
CKS1B,CKS1B_3,Co-culture,48,-0.9194114965457282
SP100,SP100_3,Co-culture,66,-1.696044922429613
CD59,CD59_3,Co-culture,54,-0.6917276633924818
CTSO,CTSO_3,Co-culture,66,-2.909273968177091
CSPG4,CSPG4_2,Co-culture,91,-0.054026856742280104
CD58,CD58_3,Co-culture,79,-0.9078527490145564
PSMB8-AS1,PSMB8-AS1_1,Co-culture,65,-0.5542349670525224
CDK4,CDK4_1,Co-culture,44,-0.8850736158957666
RNASEH2A,RNASEH2A_1,Co-culture,18,-1.7455012937727863
PIK3IP1,PIK3IP1_2,Co-culture,57,-0.10610330559348191
MYC,MYC_2,Co-culture,24,0.8418253511189423
LRPAP1,LRPAP1_1,Co-culture,56,-1.8501056318641755
CD47,CD47_2,Co-culture,41,-0.40752573104893675
TPRKB,TPRKB_1,Co-culture,18,-0.11676749092320803
SLC22A18,SLC22A18_3,Co-culture,82,-0.41716207233754954
RBP7,RBP7_1,Co-culture,68,-0.07159536808071434
GRN,GRN_3,Co-culture,59,-1.9149214285358658
ISYNA1,ISYNA1_2,Co-culture,31,-1.1006864528793314
NME1,NME1_3,Co-culture,47,-1.2962369112344696
CD47,CD47_1,Co-culture,58,-0.5245948437698557
PROS1,PROS1_1,Co-culture,53,-2.2753941096697043
DLL3,DLL3_1,Co-culture,48,0.6536174152854697
CDK6,CDK6_2,Co-culture,10,-1.4392608261010384
CXCR4,CXCR4_3,Co-culture,49,-0.13980508990883736
LGALS3BP,LGALS3BP_2,Co-culture,37,-0.8685919076849453
NPC1,NPC1_1,Co-culture,72,-0.38276408599201633
HLA-C,HLA-C_2,Co-culture,21,-1.5431564218230842
DDX39A,DDX39A_2,Co-culture,49,-1.1385098329372123
FOS,FOS_3,Co-culture,64,-1.0313260531856205
MRPL47,MRPL47_1,Co-culture,16,-0.4208736754688687
SERPINA3,SERPINA3_1,Co-culture,64,-0.01823468190621618
ROMO1,ROMO1_3,Co-culture,13,-0.24109996315837143
PRELID3B,PRELID3B_2,Co-culture,19,-0.6842177075395841
ARMC6,ARMC6_2,Co-culture,58,-0.10271709197523642
TP53,TP53_2,Co-culture,54,1.277763407069103
JAK1,JAK1_2,Co-culture,126,-2.33926499672462
NOLC1,NOLC1_3,Co-culture,37,-0.2732380958310835
HASPIN,HASPIN_2,Co-culture,39,0.3603082978639714
ACSL3,ACSL3_2,Co-culture,34,-1.2200726389991365
GPNMB,GPNMB_3,Co-culture,42,-0.9186665396659014
C6orf226,C6orf226_3,Co-culture,52,-0.997419901408669
JPT1,JPT1_1,Co-culture,49,-2.114017180887419
TPP1,TPP1_1,Co-culture,45,-0.40200966806237803
GPATCH4,GPATCH4_2,Co-culture,36,-1.3615662724472224
XAGE1A,XAGE1A_1,Co-culture,47,-0.15636527587146856
PFN1,PFN1_1,Co-culture,36,-1.226133745791592
NEAT1,NEAT1_2,Co-culture,65,-0.2224887554597269
TIMP1,TIMP1_1,Co-culture,91,-0.19701581942594648
FSTL3,FSTL3_2,Co-culture,77,-0.761828825336701
MFGE8,MFGE8_3,Co-culture,90,-0.709636823461026
PAICS,PAICS_2,Co-culture,23,-0.6490159616516387
ISYNA1,ISYNA1_1,Co-culture,46,-0.9164168697324707
TAPBPL,TAPBPL_1,Co-culture,67,-0.6979241730275992
RB1,RB1_1,Co-culture,88,-0.9737583958479583
ATP5MD,ATP5MD_2,Co-culture,50,-0.8241432503321408
ST6GALNAC2,ST6GALNAC2_1,Co-culture,55,-0.054026856742280104
CCR10,CCR10_3,Co-culture,62,0.7109258157134005
TFAP2A,TFAP2A_2,Co-culture,66,-0.21266926408126646
JAK1,JAK1_1,Co-culture,133,-2.3039221012105995
TXNDC17,TXNDC17_1,Co-culture,41,-0.3807163831677933
UQCRFS1,UQCRFS1_3,Co-culture,37,-0.8382345761735918
EIF3K,EIF3K_2,Co-culture,47,-0.930379887124445
CTPS1,CTPS1_2,Co-culture,34,-0.31866537006643275
CDK6,CDK6_3,Co-culture,19,-1.3634120345084064
CORO1A,CORO1A_3,Co-culture,65,-0.8841525046657143
IDH2,IDH2_3,Co-culture,90,-4.59011997157286
CCND1,CCND1_2,Co-culture,49,-0.5075035815567762
SERPINF1,SERPINF1_1,Co-culture,95,-0.08895250914066588
AGA,AGA_2,Co-culture,67,-2.533280347444338
SAT1,SAT1_3,Co-culture,37,1.0707275479284923
PUF60,PUF60_3,Co-culture,36,-0.6725587920275703
RNF213,RNF213_2,Co-culture,40,-1.086914987820705
PET100,PET100_2,Co-culture,21,-1.6824160107282156
MRPL47,MRPL47_2,Co-culture,44,-1.180861112686405
TRIM22,TRIM22_1,Co-culture,40,-0.43326032413711624
ARMC6,ARMC6_3,Co-culture,49,-1.107724796369831
HLA-F,HLA-F_3,Co-culture,44,-1.0073026717254898
PPIA,PPIA_3,Co-culture,77,-0.03151943253971
CCND2,CCND2_3,Co-culture,60,-0.10610330559348191
FRZB,FRZB_3,Co-culture,32,-0.5056313840890387
PSAP,PSAP_3,Co-culture,85,-0.5184470759490163
RUVBL2,RUVBL2_1,Co-culture,13,-1.538884860548903
CD63,CD63_2,Co-culture,45,-1.783686059502209
TOP1MT,TOP1MT_1,Co-culture,76,-1.884827906090907
EEF1G,EEF1G_2,Co-culture,21,1.3788868263583312
APOE,APOE_2,Co-culture,50,-0.41652091300027905
EMP1,EMP1_1,Co-culture,52,0.19126992153852837
PROS1,PROS1_3,Co-culture,40,-0.6878628928203429
KLF4,KLF4_2,Co-culture,45,-1.3476799326006224
RRS1,RRS1_1,Co-culture,25,0.02702180160778401
BOLA2B,BOLA2B_2,Co-culture,27,-0.07395526861687594
E2F1,E2F1_3,Co-culture,42,-0.7367314522995068
STX7,STX7_3,Co-culture,69,-1.4276611039274385
SAE1,SAE1_1,Co-culture,19,-1.110716881595216
CCND1,CCND1_3,Co-culture,39,-1.1043685959158234
CMSS1,CMSS1_2,Co-culture,50,-0.8889905696990698
CST3,CST3_3,Co-culture,31,-1.182975571730996
FKBP4,FKBP4_1,Co-culture,47,-1.9570797216798617
SCARB2,SCARB2_1,Co-culture,50,-2.328296963152919
IDH2,IDH2_1,Co-culture,71,-1.8816138614294418
SSR2,SSR2_3,Co-culture,33,-1.2582699306091303
APOD,APOD_2,Co-culture,61,1.1248656126704448
LAMP2,LAMP2_3,Co-culture,61,-1.5343567524185275
CCT3,CCT3_3,Co-culture,18,-0.9587113552649376
KCNN4,KCNN4_2,Co-culture,62,-0.6039273001111075
MT2A,MT2A_3,Co-culture,40,-0.3181174649862952
NOLC1,NOLC1_1,Co-culture,21,-0.2638692308924709
CST3,CST3_1,Co-culture,27,-1.3078568188533197
GPI,GPI_2,Co-culture,14,-1.4500610972145893
LGALS3,LGALS3_3,Co-culture,39,-1.6457453778274895
NEAT1,NEAT1_1,Co-culture,61,0.12413328584149382
TAPBP,TAPBP_1,Co-culture,46,-0.930318426542431
FOXM1,FOXM1_2,Co-culture,11,-0.1503792041258724
FOS,FOS_2,Co-culture,46,0.33612306404098125
TMED10,TMED10_3,Co-culture,18,-1.3338918015799732
P2RX4,P2RX4_1,Co-culture,29,-0.3773213147222906
HNRNPA1,HNRNPA1_1,Co-culture,46,-1.0142220416714327
PFN1,PFN1_3,Co-culture,29,0.055805043463377814
S100B,S100B_1,Co-culture,44,-0.01823468190621618
NONO,NONO_2,Co-culture,42,-1.767826641080895
SLIRP,SLIRP_2,Co-culture,37,-0.45641535180062287
ACSL3,ACSL3_3,Co-culture,42,-1.0679461576975737
DDX17,DDX17_2,Co-culture,61,-0.22197403608435357
EVA1A,EVA1A_2,Co-culture,46,-0.5781751070624159
NDUFA13,NDUFA13_2,Co-culture,32,-0.1312195089818134
SINHCAF,SINHCAF_1,Co-culture,34,-1.1284498460995194
GAA,GAA_3,Co-culture,72,-0.9658916863131802
UQCRH,UQCRH_2,Co-culture,30,-1.0109185576433894
BOLA2,BOLA2_2,Co-culture,30,-0.08895250914066588
SHMT2,SHMT2_2,Co-culture,38,-1.7536905128756604
APOD,APOD_1,Co-culture,48,-0.01823468190621618
PSMB8-AS1,PSMB8-AS1_3,Co-culture,47,-0.8051294034370748
FRZB,FRZB_2,Co-culture,54,-0.5056313840890387
TIMM50,TIMM50_1,Co-culture,21,-0.5193529121160425
LGALS3,LGALS3_1,Co-culture,38,-1.015734088272657
SNRPG,SNRPG_2,Co-culture,15,-0.2285460049750623
FKBP4,FKBP4_3,Co-culture,47,-2.14297507148532
CTPS1,CTPS1_3,Co-culture,17,-1.202434935730606
NSG1,NSG1_2,Co-culture,53,-0.8077278275094688
TPRKB,TPRKB_3,Co-culture,13,-0.9579832013463726
PPIA,PPIA_2,Co-culture,11,-1.054770617905635
HLA-E,HLA-E_3,Co-culture,50,-1.768437787710558
PUF60,PUF60_2,Co-culture,18,-1.120406864915585
MYC,MYC_1,Co-culture,22,-0.089305626838378
CDC123,CDC123_3,Co-culture,10,-0.9535994260144359
P2RX4,P2RX4_3,Co-culture,19,-2.2524706159604366
ILF2,ILF2_3,Co-culture,13,-0.9290944345338089
TMED10,TMED10_1,Co-culture,13,-1.408855619776388
DDX39A,DDX39A_1,Co-culture,33,-0.6213116470421457
DNMT1,DNMT1_3,Co-culture,20,-0.5718750561111037
HLA-B,HLA-B_2,Co-culture,29,-0.7232931855267161
PET100,PET100_3,Co-culture,18,-0.14530410175838476
CCT3,CCT3_2,Co-culture,16,-1.2836944942175261
CCND1,CCND1_1,Co-culture,25,-1.7436456108611609
NACA,NACA_3,Co-culture,12,-0.6221108500630886
EIF4A1,EIF4A1_3,Co-culture,14,-0.3894653634319189
PAICS,PAICS_1,Co-culture,25,-1.5725666839808374
MYC,MYC_3,Co-culture,21,0.3464877869871439
UQCRFS1,UQCRFS1_2,Co-culture,12,-0.33697279120433293
